ID,y.hat
00001037008_3,0.0703798767624424
00001037012_1,0.276684588727058
00001037015_2,1.27621361254499
00004004007_5,0.238953960154717
00004004007_4,0.114146026516393
00004004012_3,2.44599904204433
00004004012_4,2.71155908722498
00006008008_2,5.38181662767991
00008007012_2,0.828837439068701
00008007012_4,0.090278231530272
00008007013_3,0.231442316039589
00008007013_1,0.153969187301655
00008007013_2,0.164555375141802
00008007014_3,0.0477279573978198
00019009013_3,0.292999882983682
00019009015_3,0.128799257468426
00019009015_4,0.102970246977659
00019009015_1,0.682814409531948
00031027005_2,1.51842511564946
00031027010_3,0.185729788331625
00031027010_1,1.06347826666879
00031027015_2,3.31734107910527
00031027015_1,1.4555286577186
00037033013_3,0.0978408006456287
00037033013_2,0.647066331192561
00037033013_5,0.143150018098909
00037033015_2,1.92955651227745
00076003018_1,0.471650605169062
00076003020_9,2.31397143537121
00076003020_5,4.84045964191379
00076003020_4,1.36424208514095
00076003020_2,2.4263745935183
00097035013_4,0.0853073648311672
00097035014_1,1.34526014204524
00100020013_3,0.122887867973718
00100020014_1,1.76004175866852
00103012002_3,0.246097039148097
00103012007_4,0.483637578509589
00103012015_4,0.784447879312442
00106037014_3,0.590572438924386
00106037015_2,1.10240129283361
00106037015_1,2.01686808805631
00109028006_4,0.142354277614358
00109028011_1,0.420985765644558
00109028011_4,0.283473889097269
00109028011_3,0.240231652981803
00109028014_4,0.0852226083939578
00109028014_2,0.527641285811345
00115019012_6,0.174190653725884
00115019013_4,1.61417679082052
00127031012_2,3.43755470846673
00127031013_4,0.165508805904379
00127031013_2,0.507376169556587
00130008015_2,0.807401010626385
00136022015_2,6.23017095880859
00145004013_2,2.30675692772911
00145004014_4,5.46585478343947
00145004015_5,1.15786055714418
00145004015_4,0.511489205531996
00145004015_1,0.868419441683022
00148013002_6,1.44746924138177
00148013002_5,0.874244595259162
00148013002_8,1.42123864125902
00148013002_4,0.628511229716774
00148013007_3,0.890884173188284
00148013007_5,2.38357914265881
00148013007_2,0.671978465960127
00148013012_4,1.7600369268789
00160040017_2,1.4209146127296
00160040018_2,0.0322199429242408
00163089014_1,1.85163513587774
00163089014_3,0.421735923273392
00163089015_3,0.0308396222410599
00163089015_5,0.743814252268002
00163089015_4,0.216441217213402
00163089019_1,1.01255156687933
00169054003_1,0.297430256806774
00169054008_2,0.0424830131835622
00175024013_1,2.59220499395027
00175024013_2,2.32012280127434
00175024014_3,0.0547466475356565
00178022012_4,0.866856585192419
00178022012_3,0.21099720853572
00178022012_2,0.125645681940839
00178022013_2,3.39407798975569
00178022013_1,4.23768489353946
00187071013_2,0.654320319728893
00187071014_4,0.0736682800233564
00187071014_1,1.21419837368767
00187071015_3,0.0481425691591637
00202013013_2,0.274736479557348
00205010013_5,0.0866536226310021
00205010014_2,0.302885916982592
00205010014_1,0.663611500307271
00214002013_5,0.615985221979628
00214002013_3,0.246647723762171
00214002014_3,0.432235365687717
00214002014_2,0.43521097875222
00214002015_2,0.480554426786881
00214002015_5,0.33546487299693
00220043011_8,1.37907784381664
00220043011_3,0.110890997502971
00220043013_2,0.491747182190301
00223020008_3,0.358096730028901
00244024010_6,0.622915183257212
00244024011_2,0.204838070226413
00244024015_2,0.897351767725598
00247007011_2,1.86604973551979
00247007013_3,0.210478492081422
00247007013_1,1.2167051492004
00247007014_1,1.29464661194448
00247007014_5,0.170093053414027
00247007014_4,0.125662731205598
00256008011_3,0.3252346092832
00256008011_1,1.34102312106096
00256008014_1,1.43583685155753
00265010015_3,0.947681561678639
00280003013_4,0.401958283587654
00280003013_1,0.77998263230981
00280003013_6,0.209909975907828
00280003014_6,0.48681545513914
00280003015_3,0.221728911102728
00289016012_1,0.464336979711166
00289016012_3,1.35602261608599
00289016015_1,1.88365917134176
00292011013_2,1.31013953271238
00292011013_5,1.52753729019187
00292011014_3,0.247378495085235
00292011015_1,1.13235361339226
00292011015_2,1.3709857317892
00301003005_3,3.75581405131593
00301003005_4,3.68288334839488
00301003011_1,3.66348801311442
00304076015_5,0.26127166997011
00304076015_1,1.33057619307858
00310061003_3,0.0419013380860612
00310061003_2,0.0514664393892541
00310061013_3,0.0644868898584004
00313027013_1,0.792002583785813
00313027014_2,0.40076872653144
00316065015_2,0.137960211782242
00316065015_1,0.345885911081015
00331059014_4,0.251528269156901
00331059014_1,0.932649668445321
00331059014_5,0.0772324049072395
00337022013_3,0.158561033801568
00349058013_1,1.60056138702073
00349058013_2,1.21506720830609
00349058014_3,0.307930821523954
00349058014_2,0.744761853083394
00355049013_3,0.513240452030532
00355049013_2,1.38819280784672
00355049014_1,2.81648808460399
00355049014_4,3.05557616646655
00355049014_2,1.45843081423478
00355049014_3,1.93833727621696
00355049015_4,0.527260247751905
00355049015_2,0.772864466278244
00358006001_3,4.31868824739168
00358006001_2,3.28674828868972
00358006014_1,3.7540667702221
00358006014_4,3.88942248313347
00379009003_4,0.673887717759329
00379009008_1,1.45269731249553
00379009008_2,1.43244499359479
00379009013_2,1.73957226283766
00400011015_3,0.568495164621324
00400011015_4,0.342323518699238
00415003014_1,1.75161975927867
00415003015_1,0.600273755658148
00433007013_5,0.369210409050722
00433007015_1,0.285783955666185
00433007015_4,0.605183820684035
00460011013_6,0.0888688575870137
00460011015_1,0.330092622096142
00466016007_1,1.01438431484498
00466016015_3,0.22055068214847
00472022014_3,0.700179281609866
00472022014_5,0.62397473171324
00472022014_6,1.0391928185326
00472022014_2,2.10137852549813
00472022015_3,2.36347304822032
00484026013_3,1.95998541501952
00484026013_5,2.86397524802901
00484026013_2,2.44420110945716
00484026015_2,3.24619612487833
00499025013_4,5.09816235526506
00499025013_5,5.17199008224458
00499025013_3,4.25010325705443
00499025014_1,1.17121977172636
00499025014_3,0.688579538470213
00499025014_5,1.39615934898871
00499025015_1,2.80066605840199
00508034013_5,0.136125949383645
00508034013_3,0.15288716037964
00508034014_3,0.487221711626379
00526009013_1,0.826518538307891
00526009015_3,0.921107800540647
00529008014_2,1.48856786748871
00529008015_3,0.598354385957429
00529008015_4,0.758533428373743
00529008015_5,0.690853681464533
00553021013_2,0.410723539544889
00553021014_1,0.477502156393797
00553021014_3,0.183250346979663
00559010008_3,0.414357846881447
00559010013_2,2.70223711060784
00565005013_4,0.1260707060065
00565005013_1,0.12530236215717
00565005013_5,0.41657666380964
00568006015_3,0.105574752626675
00568006015_1,0.404879190252464
00589001013_2,0.346099771280067
00592054008_2,2.3101361190184
00592054008_1,2.97907130440831
00592054012_2,2.37418406603404
00592054012_1,1.74780829063565
00604009006_1,1.55462968756367
00604009014_3,0.324513891387566
00604009015_3,0.617998633068691
00607017015_2,1.01699223098761
00610062014_2,0.38558188087248
00610062014_4,0.103846488364733
00610062014_1,0.602630526536934
00610062015_2,1.92650992719212
00610062015_5,0.314994549507336
00610062015_4,0.926628974604555
00610062020_3,0.0824457591061211
00610062020_1,0.464974979681592
00610062020_4,0.102146260683605
00616007007_1,0.302658322127726
00616007015_2,0.359545013089674
00617108013_3,0.226538308910986
00617108013_5,0.228680318140729
00617108014_3,0.112927065226949
00619013013_1,0.210029514247868
00619013014_1,0.389564378193751
00619013015_4,0.0754038351129267
00620015015_2,2.77078039939857
00631014015_2,0.437208814802481
00634011011_3,0.547330486863183
00634011012_1,0.549052207685154
00634011013_2,1.53405274879978
00649055013_1,0.401326807225989
00649055014_4,0.28830388528443
00649055014_3,0.279446411691895
00655037004_2,0.309604724259346
00655037004_5,0.69992064827015
00655037004_3,0.139670105052514
00655037013_4,0.599597065025035
00655037013_3,0.388285650605354
00673025013_4,0.109243026087144
00673025013_3,0.212802211500655
00673025014_2,1.43147001668487
00673025015_1,1.24765624316187
00673025015_3,0.0975571845954966
00688002002_1,2.70141064990877
00688002007_2,0.593225858129454
00688002012_3,0.148679758804291
00694011015_1,1.77223051923591
00706007014_2,0.420928678364346
00706007015_3,0.0959812780303441
00709001014_1,0.173081258350063
00709001014_2,0.172167945952223
00709001014_4,0.0676579126729937
00709001014_3,0.0510996966777443
00709001015_4,0.0844068835576432
00709001015_5,0.63947151151945
00712003013_3,0.0936048893476221
00712003013_6,0.157703336528423
00712003013_5,0.231379032826627
00712003014_2,0.178065171580231
00712003014_4,0.172301703430891
00712003015_1,0.321434150031926
00721019001_6,0.329495181926054
00721019001_4,0.149640613494375
00721019001_1,0.0484701761605153
00721019013_5,0.190173000504354
00721019013_6,0.556984429794815
00724002013_2,0.152934917683687
00724002014_2,0.196821480695466
00724002015_4,0.74102123942568
00763011013_2,0.194380716246772
00763011014_3,0.0386111445322281
00763011014_4,0.160659160227027
00763011015_2,0.605614960210898
00763011015_4,1.48175087054954
00766011003_3,0.123445041670556
00766011008_4,0.193069836349761
00766011008_1,0.0873509910988521
00790002013_1,0.414464016770702
00790002013_2,0.535031672280078
00790002013_4,1.68748045497556
00790002013_3,0.193995203396332
00790002014_4,0.0722416407640852
00790002014_5,0.251810354037211
00790002015_1,1.62213070677828
00805002002_3,0.0395724610350156
00805002002_5,0.315609010761527
00805002002_2,0.0487612678650033
00805002007_2,0.0659331566449792
00805002012_1,0.407786348652295
00820021014_5,0.239801482132964
00838002003_4,0.176999729317948
00838002003_2,0.0424457771292848
00838002003_5,0.193189362098345
00838002008_2,0.0487499970105733
00838002013_4,0.371640405725905
00844012013_7,0.466423475978765
00844012013_10,0.136435970610111
00844012013_2,0.0964082086905438
00844012015_3,0.0451421718021209
00847007013_2,0.0377536039732975
00847007013_4,0.0424555105242774
00847007013_3,0.0366968209654491
00847007014_2,0.0658883341515536
00847007014_1,0.302591726210989
00847007015_1,0.0398308486294083
00847007015_6,0.0423657781483877
00847007015_5,0.0445083068917779
00859018013_2,0.0687590686781949
00859018013_3,0.0840798915435712
00859018013_8,0.133560297633777
00859018014_2,0.150754374646531
00859018014_5,0.088692498309829
00859018015_4,0.201098561562654
00898003003_3,0.0702282935555292
00898003003_1,0.442762134323933
00898003012_3,0.0101620768897181
00925009015_2,0.333745372903513
00979012003_1,1.29686025260379
00979012003_2,0.115815211387284
00979012008_3,0.0752849125709715
00979012013_4,0.0495034310096892
00982010015_11,0.186141701202496
00982010015_1,0.303609988270508
00985007014_2,0.105683130525174
00985007014_6,0.115164804786544
00985007014_4,0.0531965782240519
00985007014_7,0.253619270150905
00985007015_1,0.401876573742556
01006007015_4,0.0478774580991614
01081003007_1,0.714742340810062
01081003007_6,0.0836852781962104
01081003012_4,0.0557259562569269
01081003012_6,0.0391054329678853
01096008013_1,0.0687609915533065
01099008014_4,0.106093763542595
01099008014_3,0.104849790535165
01102006013_1,0.251952531202188
01102006013_6,0.0470573749737118
01102006015_2,0.0990596885541377
01126003013_2,0.0558548577795082
01126003013_4,0.121796594860364
01126003014_3,0.0507877904155
01126003014_4,0.0627288299611346
01126003014_2,0.0916934860659073
01153023013_2,0.1032122381485
01153023014_4,0.0656359143680382
01153023015_2,0
01189008014_4,0.949477284248874
01189008014_2,0.331875357644584
01189008014_1,0.0965713206962248
01189008014_3,0.017564548603141
01189008015_4,0.0789167616676773
01195001003_4,0.570519110259987
01195001003_5,0.957776552170286
01195001012_1,0.285098351462966
01195001012_2,0.447414754028898
01195001015_4,0.440226050888311
01198005013_2,0.265230657761708
01198005013_1,0.239328027088558
01198005014_4,0.149811033880543
01198005014_3,0.126779269023436
01198005014_2,0.223512385332232
01198005015_3,0.0380287988397981
01246006013_3,0.375569999867971
01246006013_6,0.930814892855512
01246006013_2,0.169425315683855
01246006013_1,1.54551577848782
01246006015_3,0.144095773019833
01264007013_1,0.860346677928318
01264007013_7,0.132831075161194
01264007014_2,0.539876326526323
01264007015_1,0.996817673920229
01264007015_2,0.201532567071202
01267005012_1,1.76619102210407
01270016007_3,0.152073784904522
01270016007_5,0.866132276494191
01270016007_2,0.61629266387576
01270016015_1,2.66143601391601
01270016015_6,1.73069570435778
01282010008_1,4.19951180801708
01282010008_2,4.59333818761148
01285008014_3,0.825722188702024
01297005002_2,1.87850672238368
01297005007_2,0.362036484676979
01297005007_3,0.199396769838111
01316003008_3,0.0505537278492372
01316003008_4,0.0561338904599688
01316003013_13,0.0915805029151308
01316003013_11,1.25654739853795
01318003014_3,0.166723888854363
01318003014_1,0.817539570567715
01321011010_5,0.313502607044497
01336001013_7,0.391821009704749
01336001015_3,0.0497049284318256
01336001015_5,0.330559283465446
01387001002_2,0.313358170867163
01387001011_4,1.64051111281282
01387001011_2,0.676418595092185
01387001011_1,0.660467208060579
01387001011_3,0.250199649162795
01393002013_3,1.21994260012932
01393002013_1,0.989262659849924
01393002013_2,1.11456282941256
01399002004_4,0.3964653113355
01399002009_2,0.603947147245595
01399002014_2,1.18241690877337
01477006002_1,1.69689255733952
01481001013_1,0.432723322622151
01481001014_5,0.634530641245806
01481001014_6,1.29230509153664
01481001014_2,1.35652023633154
01481001015_3,0.735655493928458
01498004013_1,0.892275918835818
01498004014_5,1.17064937774834
01498004014_4,1.15954397760213
01498004014_2,1.15511673232945
01498004015_2,0.711988238027197
01498004015_4,0.602778291536782
01501006004_1,0.926984099780217
01501006014_3,3.50364895230587
01522005012_1,0.651495143833406
01522005015_2,0.488543262722669
01522005015_3,0.285140469720849
01573004013_1,1.11427051194251
01573004013_3,1.14923098733587
01594002007_3,0.213573298077025
01594002012_3,1.18730099281617
01594002012_1,0.684470146476414
01594002015_7,1.54772851216375
01594002015_2,0.745436244459841
01603004008_1,0.190063017542179
01603004013_2,0.36522511775672
01609001013_4,0.0533390163602948
01609001014_2,0.484729840265582
01609001014_5,0.793711725657289
01609001014_1,0.322603703704329
01609001014_4,0.187292680590413
01609001015_1,0.622019619788137
01609001015_2,0.29400815110695
01648010012_6,0.812281880998324
01657009003_1,1.18984046941175
01657009008_1,0.234028087497934
01657009008_2,0.425380608281018
01657009008_6,1.15895142315977
01657009008_3,0.145129822968135
01657009013_1,1.66130151259204
01666003004_1,0.844187747662461
01666003004_2,0.400067574998279
01666003009_2,0.200540224189599
01675003004_2,1.65928562260483
01675003009_3,0.15004588970358
01675003014_1,0.662650003174787
01687007012_2,0.298778528842558
01687007012_1,0.9137310807487
01687007013_1,0.34518874390679
01705013014_2,0.109327039415837
01705013014_4,0.0812880110768182
01705013016_3,0.0904758979076828
01720005007_1,0.0956873681723056
01720005012_2,0.47028410731897
01720005012_1,0.416105939375833
01726001014_1,0.516594996928378
01726001016_1,0.376718889700507
01756006008_4,0.514765324684393
01768004005_1,0.26314231855618
01768004012_2,0.211018163610519
01768004015_1,0.610806333724106
01792007014_4,0.110326704774835
01792007015_3,0.0855733915588843
01798001013_2,0.248618057965754
01798001013_1,0.513814157029095
01834011005_1,1.43886235750756
01834011010_3,0.604217100085044
01834011015_1,0.367245469245468
01837012014_2,0.733689721890319
01840008003_3,0.141690309486692
01843004001_3,0.0674820270969224
01843004001_5,0.137987437633873
01843004008_2,0.125726095604602
01843004008_1,0.079234740262302
01843004013_4,0.0984792656067455
01843004013_2,0.16703890451479
01852008003_6,0.2230122440262
01858004008_3,0.0859975239290837
01858004013_1,0.854300628278655
01864002013_1,0.64495266130967
01864002014_4,0.0914643221654232
01864002015_1,0.810864390158528
01864002015_2,0.505295391084456
01864002015_6,0.286367781468376
01870006013_4,0.177600375284366
01870006013_1,0.482354909852768
01870006013_2,0.415583191565997
01870006014_4,0.489414902690134
01870006014_6,0.333769296622156
01870006015_1,0.319965775984446
01879001012_2,0.619900712356278
01882013013_4,0.285425475003182
01882013014_4,0.143107689175114
01882013015_3,0.114072976291748
01888004013_3,0.625295974339281
01888004013_1,0.801933977927902
01888004014_3,0.0323046020586216
01888004015_3,0.0955710294440115
01912009013_2,0.446025660652122
01912009013_5,1.14215629459589
01912009015_3,0.337211108283591
01912009015_6,0.317594507118142
01924008013_1,0.415833070310114
01924008015_4,0.270097297325602
01924008015_3,0.106731328150363
01933010002_1,0.757700589369336
01933010002_2,0.160022923677487
01933010007_2,0.505941163933514
01933010015_4,0.26434189420411
01933010015_2,2.00193761424185
01936018015_4,0.368076713183255
01936018015_1,0.269100800907268
01936018015_2,0.264346340093045
01960001014_1,0.39268700556822
01960001014_2,0.272905549885584
01975003013_4,0.0635869473382787
01978002013_3,0.13462500196448
01978002013_2,0.334493292834233
01978002014_2,0.167197431247479
01978002015_4,0.0775585071482878
02020012013_1,0.949466760986359
02020012014_4,0.462134461899053
02023003013_3,0.326977377499346
02023003014_3,0.500196416359211
02023003014_4,0.509563972065517
02023003014_1,0.815638604606379
02023003014_6,1.26192130101607
02023003015_7,0.443326116948655
02023003015_5,0.370105867627429
02035003013_3,0.439143172982702
02035003014_1,1.35053082808668
02035003015_3,0.844082029943744
02035003015_2,1.75342323132448
02050006003_4,0.556059654587785
02050006008_1,0.534541241648598
02050006013_1,1.08262929670628
02071004013_1,1.57826089213595
02071004013_2,0.505722778036254
02071004014_1,2.05435061951595
02071004015_1,0.535179697163073
02077004001_2,0.663741659893259
02077004001_4,0.515873915799352
02077004014_1,0.845220754361221
02077004014_3,0.410572062823319
02077004014_2,0.702264724006022
02092003015_5,1.05245533969517
02092003015_1,0.733291448620923
02092003015_3,0.563333051176834
02092003015_4,1.06750420256375
02113003013_1,0.260891403205318
02113003014_1,0.150269241471222
02113003014_2,0.103557075018307
02116004013_4,0.246245294914949
02116004013_1,0.460708128367645
02125001013_1,0.301668931885903
02125001014_1,0.744392892274242
02125001015_5,4.25404645206609
02131008002_7,0.934467900907888
02131008006_2,0.197064883051405
02131008006_4,0.181325062713964
02131008014_4,0.298685993325977
02131008014_2,1.69945050880304
02173005013_1,0.154847079272809
02176005014_4,0.794520208040102
02176005014_2,0.197909841463636
02188003013_2,0.168745306845976
02188003014_1,1.03109609021638
02188003014_5,0.0660847752687518
02188003015_2,0.584924118981734
02200009013_4,0.0790062964283019
02200009014_1,0.554274232020486
02203038001_6,0.115778765945866
02203038001_3,0.093835439172871
02203038006_6,0.891938850857792
02203038006_3,0.209987731332996
02203038011_1,0.642608068277962
02209004003_1,0.735588968507034
02209004013_1,0.818383762026499
02215003013_2,1.74046590397047
02215003014_2,0.141568395394867
02221015012_2,0.175717574271181
02221015012_1,0.0720679422091645
02221015012_4,0.463347349253002
02221015013_3,0.0838228215012935
02221015013_1,0.517691463087543
02221015014_3,0.0694049183433145
02221015014_4,0.115343800837772
02221015014_1,0.0429320182096336
02233006003_1,0.866551436738637
02233006003_2,0.916767369395221
02233006013_6,0.899348900655496
02233006013_1,0.657061587408196
02251005014_2,0.0878412681442709
02251005015_2,0.224671461776828
02260011013_4,0.0713326018913435
02260011014_3,0.124822187384302
02260011015_3,0.0612640091109423
02260011015_2,0.205397912739243
02275005002_2,0.196050523985696
02275005007_1,0.180317933263723
02275005007_2,0.24204695676888
02275005011_4,0.107183973710197
02275005011_7,0.0992470000341989
02287006013_2,0.246115339902588
02287006013_6,0.399346825938857
02287006014_6,0.096950473591291
02287006014_3,0.0447347048613146
02326001013_4,0.555829456685867
02326001014_1,0.0695986987014697
02326001015_1,1.69193287422457
02335010014_3,0.160747158277875
02335010014_2,0.305482548953109
02338007014_6,1.59369660071113
02338007015_2,1.02671976183698
02353016012_1,0.634838787009977
02353016012_2,0.468255823836569
02353016012_4,0.404205549770328
02353016015_2,0.101771704641395
02365009013_3,0.0919845253868984
02365009015_2,0.43786197534326
02383006013_3,0.121747314511175
02395014013_3,1.01550094466612
02401005002_3,0.750815669359078
02401005007_2,0.351893878676417
02401005012_2,1.34150713167196
02410010016_1,2.01207078171984
02422019012_1,0.481138726072471
02422019014_7,2.34263247351045
02422019014_5,1.00198928888605
02422019014_4,1.96604838486854
02422019014_3,1.26457576092242
02422019014_2,3.00647033641787
02437016015_2,0.173905567347168
02464011013_6,0.598304475566687
02464011014_9,1.2152761582262
02464011014_4,1.04435054326019
02464011014_1,1.15060708286406
02464011014_2,1.190949045017
02464011015_5,1.39366860830021
02464011015_1,1.88825006287059
02464011015_2,1.92599267939459
02464011015_7,1.95318998113056
02476002014_6,0.168947088730313
02476002015_1,0.144950153089908
02488016013_1,2.48593652225511
02488016015_2,0.54244490067536
02488016015_6,0.1530689687095
02488016015_3,0.12322603519272
02503008014_3,0.0485837383634793
02506013002_3,0.104046006613182
02506013002_2,0.318953059638141
02506013002_4,0.11995311087036
02506013006_3,0.606352236713326
02506013006_6,1.09044611863195
02506013006_4,0.647456284068671
02506013011_3,0.118980777952694
02530008013_2,0.304009060233676
02533010015_1,1.66911909434753
02536013002_1,1.49145170884975
02536013002_2,0.295939308062782
02536013018_1,1.00885300877738
02536013018_3,0.232535703367686
02536013018_2,0.161547487260668
02542011013_2,0.181943419956431
02542011014_1,0.124383281278309
02542011015_5,0.14112064058184
02545004012_7,0.149523636921312
02545004012_6,0.0586958375990129
02545004014_3,0.0353844145456255
02545004014_4,0.107176392415673
02572016013_4,0.932005654254598
02572016013_2,1.20856975179954
02572016013_3,0.797425275421436
02578013003_1,0.591475432288589
02578013013_1,0.33514661859585
02590010013_4,0.228906034723133
02590010014_2,0.400441739716023
02590010014_1,0.696177985687094
02593003013_7,0.0995362495581052
02614019013_1,0.344370096728912
02623007013_3,0.0947451427900743
02635004003_1,0.632981234844543
02635004003_5,0.232340495409549
02641002007_1,0.157293149595543
02641002011_2,0.43198953678735
02641002014_2,0.0877443125550542
02641002014_1,0.0323836580172341
02641002014_4,0.103804171935462
02644015013_1,0.90858087626872
02644015013_2,0.223919851122223
02644015014_2,0.183418279307678
02644015014_5,0.365684261919927
02647046015_2,2.31730594713696
02668012025_1,0.602845704488289
02668012029_2,0.120780965134201
02668012029_4,0.182398151889138
02668012029_3,0.180856084101848
02677018002_5,0.352991901043007
02677018002_3,0.0332956344963146
02677018002_6,0.0781701217201025
02677018014_2,0.110965504194313
02677018014_3,0.155613390018285
02680008013_1,0.98355806698501
02680008013_4,0.726887786319333
02680008014_2,0.129959589498038
02680008019_5,0.588183152243421
02680008019_2,0.42652459300267
02683007013_3,0.298246473903159
02683007014_1,0.404481012053001
02686007012_1,0.170807385840118
02686007013_3,0.184744261840081
02686007013_1,0.390772592801467
02686007014_2,0.408556388748032
02701010013_2,0.133021481145884
02701010015_4,0.0577492240239521
02722006014_2,0.112245601463594
02722006014_4,0.0522251469159796
02722006014_1,0.127277490750436
02722006015_5,0.387548598478697
02761018001_1,0.244756087385897
02761018001_3,0.0422916102729426
02761018001_4,0.0499861535303453
02761018004_4,0.0444786647609492
02764007028_3,0.044683582122547
02764007029_7,0.455368260676037
02764007030_1,0.111881090732778
02770005015_1,0.186112858494706
02809001013_7,0.104847513161434
02809001013_3,0.044880987544455
02809001015_2,0.180418512332658
02812004007_7,0.0363672812107473
02827002015_4,0.255041279865834
02827002015_2,0.0725919422500231
02863005028_3,0.0668084425305755
02863005028_1,0.147792189605033
02863005029_4,0.10310020180098
02863005029_5,2.01852171147323
02863005029_1,0.137105039354715
02863005029_6,0.281775459391891
02863005029_2,0.658552466155812
02863005030_5,0.183646931843812
02863005030_1,0.0874525888465164
02890005003_4,0.441335992770508
02908013003_2,0.0837115145737585
02908013008_1,0.590140967445818
02908013013_4,0.0521204966718316
02917003013_2,0.0795359077313395
02917003014_4,0.358480374802656
02917003014_1,0.106737526808161
02917003015_4,0.113572997229533
02920014013_1,0.791957271233298
02926005014_3,0.352687201139283
02926005015_4,0.575634846131535
02926005015_3,0.333703859433318
02959010012_6,1.25436635871699
02959010012_5,0.412411059622371
02959010013_1,0.102454105584227
02959010014_3,0.204314648965477
02971005015_3,0.0694530815346554
02977002012_4,0.0573871787749053
02977002012_3,0.0463129808064672
03022005013_3,0.454597425805538
03022005013_2,0.456455059729879
03022005014_5,0.209654130527428
03034001006_5,0.0872988021226725
03034001011_1,0.506219019503982
03034001011_2,0.558959757376012
03034001011_4,0.282743785438458
03052003014_5,0.190539682862076
03052003015_5,0.087270874982167
03055004012_4,0.52126184957915
03055004012_2,0.570878511774926
03055004012_1,0.465443436563215
03055004014_2,0.0986235530421385
03055004014_1,0.0621589829765646
03085001002_4,0.166565835509387
03085001002_1,0.337189858598226
03085001007_1,0.447977366643117
03085001015_4,0.179396264402478
03106009013_2,0.220630637460905
03106009013_6,0.34428568950086
03106009013_4,0.138053001592019
03106009016_2,0.55760403021917
03124002002_1,4.08781369040475
03124002007_2,0.45439817481317
03124002007_1,0.248443403242119
03127016012_2,1.29019166868735
03127016012_1,1.43247614581295
03127016013_1,3.26721640404704
03127016020_3,1.12293966182747
03127016020_5,2.54534755877723
03127016020_1,3.28642957507294
03145003003_3,0.0659399814639576
03145003008_3,0.0966547836478873
03145003008_1,0.125152586082925
03145003013_3,0.470403986167282
03148002003_1,1.49503342871745
03161006007_2,0.152347821735886
03161006012_2,0.150470101589694
03161006012_1,0.134463256334411
03161006012_3,0.0371453026767568
03163005003_4,0.0325518390782262
03163005008_2,0.0423415699556039
03163005013_4,0.0754556965596386
03163005013_2,0.0521440008235262
03165006003_2,0.399852382330782
03165006007_1,0.211061049700075
03169004004_3,0.104658716854482
03169004004_1,0.042636256491084
03169004009_1,0.738919524365883
03169004014_4,0.11355995621058
03175002013_5,0.0847129022220526
03175002013_4,0.0682980988603533
03175002014_1,0.139104383290986
03175002014_3,0.0653015087815826
03175002015_3,0.0735664368434165
03175002015_5,0.0950960484672689
03175002015_6,0.104293684520482
03175002015_4,0.0846284287678893
03184002013_2,0.454533314303406
03184002013_4,0
03184002014_5,0.0652959463632626
03184002014_6,0.0579894481748217
03184002014_7,0.0582451713348066
03184002014_8,0.0590526079696663
03184002014_1,0.340098468357703
03184002015_6,0.0453973360695706
03190001013_2,0.34811189426497
03190001013_5,0.049459598948341
03190001015_1,0.364945214057784
03197005012_1,0.19380146324405
03197005014_7,0.0461197289774456
03197005014_8,0.131427000180492
03202001001_5,0.453043073453479
03202001004_3,0.227671828399949
03202001009_3,0.829048656116224
03202001009_4,0.883544332672056
03208012015_4,0.125603940074809
03214008003_2,0.650015590233701
03214008008_1,0.743732295935847
03214008008_6,0.225942906269582
03214008008_2,0.902906858044768
03214008008_5,0.327348716073976
03238008003_3,0.0390373479791982
03238008008_4,0.057417399865127
03238008013_4,0.0700347408087439
03238008013_3,0.0382832340330528
03250004014_4,0.153789865266016
03250004015_4,0.243913690333477
03250004015_2,0.587392970778718
03253005006_1,0.666441715324242
03259005002_4,0.0770093106803587
03259005002_5,0.157117874598393
03259005015_1,0.0928369265625139
03259005015_3,0.0387420220561084
03262001012_8,0.485113148715759
03262001012_4,0.179926142430069
03262001013_5,0.714599326310132
03262001013_2,0.506285677720844
03262001013_4,0.278717100109682
03286010012_3,0.133210771937327
03286010014_2,0.214956735004938
03286010014_4,0.103432205946018
03289004003_6,0.378327349110591
03289004013_2,0.480455920286862
03289004013_3,0.210308764985695
03289004013_1,0.395973081279521
03295020013_2,0.620317393736357
03295020014_9,0.254068721061514
03295020014_3,0.115683548670489
03295020015_4,0.689206975318488
03295020015_12,0.164195597593084
03298012007_4,0.498119876074602
03298012007_8,0.511401754414672
03298012012_6,0.668778337301435
03298012012_1,0.595889914533974
03298012012_4,0.433638531951169
03298012012_7,0.678508373175326
03298012015_5,0.895430866370083
03298012015_2,1.77282038821582
03302016013_1,0.928571196581414
03302016014_6,0.294117840700246
03302016015_1,0.691810712972682
03302016015_3,0.129490911752547
03316009012_2,0.904408550861718
03316009013_3,0.372572072687946
03316009017_5,0.506371230405278
03316009017_6,0.624218064103082
03316009017_1,1.02648086590134
03328017003_3,0.130790598991252
03328017008_3,0.355613115004875
03334009012_4,0.424540962988881
03334009012_1,2.18717698373975
03334009012_5,1.04402056711586
03334009013_2,1.17725149101163
03334009013_1,1.24610555924239
03334009013_5,3.34141905992507
03343008013_1,1.59943159959927
03343008015_3,0.306312997741644
03343008015_2,0.70392262054006
03356014003_1,0.350356328341274
03356014007_1,0.952368456529763
03365002013_2,1.05969016058465
03365002014_3,1.176884244928
03365002014_2,1.77441083554931
03382012003_3,0.334476154772543
03382012003_7,0.186041087694787
03382012003_2,1.31765623731422
03382012008_2,0.38050252591557
03382012008_5,0.11172027773268
03382012008_3,0.102578233672358
03382012013_3,0.115177179894676
03386003003_2,5.06120753191516
03386003012_4,0.373095966975996
03386003012_2,0.328321133146005
03387009008_1,1.17479165396109
03387009012_2,3.34330973190571
03388004002_2,0.640358580477242
03388004002_3,0.346181734708209
03388004007_3,0.456123811206166
03388004015_4,1.49493940708352
03389011012_4,0.404002924918063
03389011012_3,0.215814081344724
03389011020_8,0.258975118984162
03389011020_4,1.51323028044125
03390005013_5,0.220064550822878
03390005013_1,1.62126088653151
03390005014_1,0.325471204958662
03394003008_3,0.20859058876248
03394003012_5,0.179494606396449
03394003012_3,0.270531656559232
03394003012_6,0.331772661416552
03413003007_4,0.0809960454168544
03413003007_2,0.313701102628057
03413003007_9,0.330471177851418
03413003007_6,0.108304735125223
03427004005_3,0.0739583656785954
03427004005_5,0.158500588677758
03430005002_1,0.949470339137195
03430005012_7,1.37269575535288
03430005012_1,1.06358670481476
03430005012_2,1.3515377782262
03430005012_3,0.627119860188831
03433007001_3,0.106224376268601
03433007005_3,0.0761263373012037
03433007009_4,0.115557743256907
03433007009_2,0.126633731325163
03442007005_2,0.159838210546459
03442007005_3,0.112302378268593
03442007007_7,0.189977869006926
03469007002_3,0.203519596444449
03478004002_2,0.0957335669054843
03478004006_4,0.374795512311326
03478004006_1,0.114669755548399
03481008001_5,0.354035856027718
03481008001_1,1.64963099054354
03496004008_3,0.149215267901197
03496004012_7,0.053916927206485
03496004012_5,0.0477741507585853
03499007002_1,0.967645352158162
03499007007_4,0.0571829376918845
03529006002_2,0.620810042689602
03529006002_3,0.0904565661469979
03529006002_5,0.12830507788393
03529006012_1,0.0974080875434427
03529006012_2,0.130802083942702
03532013004_5,0.096135472273167
03532013004_6,0.20897081914193
03532013004_3,0.061218140807321
03532013008_1,0.329196056008683
03532013008_4,0.211419529147937
03532013008_5,1.62459739659294
03532013014_6,0.0583856666432054
03532013014_9,0.0840990472641708
03532013014_4,0.16768046686735
03532013014_5,0.0536306674604554
03547004008_3,1.15601903326707
03550003003_7,0.0493683892801131
03550003008_3,0.0647528534965405
03550003008_4,0.0866572010762489
03562003028_5,0.0464045166085315
03562003028_4,0.0457656419675233
03562003030_6,0.105312146686029
03565003003_1,1.54719086833044
03565003010_6,0.131416958493329
03565003010_2,0.90278534327949
03565003010_1,0.108914117759765
03574004004_2,0.176878221810013
03574004008_1,0.187461527107669
03574004012_4,0.067408511265483
03574004012_7,0.188475143955392
03574004012_5,0.113808716373548
03577010003_4,0.765595093971314
03577010003_6,0.158691659845368
03577010003_3,0.999226372923917
03577010003_2,0.371110875238038
03577010003_1,0.386854314630488
03577010008_3,0.0525698292389316
03577010008_1,0.155557379041659
03577010013_3,0.207953065600479
03577010013_2,0.383983132131055
03580008013_5,0.135843240160915
03580008013_3,0.0498246266199419
03580008013_2,0.428430628162506
03580008014_7,0.041703085176958
03580008015_1,0.220371095830147
03589010002_3,0.0455559700789501
03589010002_4,0.0645837975375394
03589010007_3,0.126898055576044
03589010007_2,0.263833541575832
03589010007_4,0.237317488027281
03589010012_3,0.0419676650980558
03598028012_1,0.242095738664739
03598028012_2,0.280524597290808
03598028012_5,0.385586674374332
03598028012_3,0.14389478825699
03598028013_2,0.51229207935498
03602003004_5,1.31639084241867
03602003012_1,1.89248454060045
03605005013_2,3.29575166641187
03605005013_5,0.766499690965024
03605005014_2,3.98826566167924
03605005015_2,1.13386760519735
03613018014_2,0.0738417061322625
03613018015_4,0.0405767684058754
03618022003_1,1.71597409400856
03618022008_6,0.0540803151881467
03618022013_1,0.454466078595632
03618022013_6,0.0719983832270597
03618022013_5,0.103089664806235
03619019014_1,3.80935547969284
03619019015_4,0.166465027774525
03634004004_3,0.289036249066543
03634004012_2,0.124222545870331
03634004012_1,0.531961876901807
03643007003_4,0.138250979568353
03643007015_3,0.15984457775513
03643007015_4,0.1443840850193
03643007018_2,0.260055243522174
03643007018_1,0.317155755167569
03646003007_3,0.425804773753593
03649004014_1,1.9766262196338
03649004016_2,1.13954085804358
03652005003_1,1.28482929362202
03670009013_1,1.90456447297894
03670009013_3,0.288370339387294
03670009013_6,0.793014968083501
03673013004_3,0.471688113896164
03673013004_4,0.606829894977891
03673013004_1,0.836038801450487
03673013009_2,1.34043718118929
03673013009_1,2.19627776842936
03673013014_2,3.43963913561559
03673013014_3,0.969940206524614
03694010009_3,0.0883860272412392
03694010014_1,0.417977506170014
03694010014_4,0.537765788646164
03706016019_1,1.95533764690703
03709011007_3,0.0648014526799188
03709011012_1,0.557045539204635
03709011012_4,0.112092695266019
03709011012_2,0.278258888917143
03763004002_2,0.609875513919359
03763004007_3,0.0596377957400702
03763004007_2,0.131248366659531
03766005007_5,0.167497795016406
03766005020_1,0.365035738826739
03778003012_3,0.139999196909712
03778003012_6,0.834720812087334
03778003012_4,0.489542097030799
03778003013_3,0.0348600177171502
03778003013_2,0.285036812751735
03796001003_5,0.17326294898125
03808011003_3,0.276324097149359
03808011008_2,1.14232210546147
03835006001_1,0.690417135211295
03835006006_3,2.17346228953715
03835006011_3,0.287283104890513
03847021011_2,2.45843617653171
03847021012_3,0.602755348129216
03847021012_1,1.08050497542891
03847021013_2,0.732609344000502
03850008002_2,0.311190511073969
03850008012_3,0.246929195102719
03850008012_2,0.345159890438316
03922012011_1,1.10679789134747
03925006007_2,0.373403931209124
03928006007_2,0.350687686267039
03928006012_2,0.765143669916488
03946007003_4,0.0752780529320549
03946007003_3,0.0730501489563939
03946007008_2,0.166765231050409
03946007008_3,0.0844156520955519
03946007013_2,0.880544458549081
03982034002_4,0.468742476848135
03982034007_2,0.298670867586697
03982034007_4,0.211514712044722
03982034012_3,0.615245009577466
04030011003_5,0.430397037411699
04030011003_2,0.376703314492141
04030011003_1,0.311156296082116
04030011008_5,0.386204295834338
04030011008_3,0.118376391659102
04056007003_2,0.258937919239751
04056007013_5,0.23190372778136
04056007013_4,2.25008394470188
04056007013_1,0.166809265204609
04058001009_4,1.30848195881799
04058001013_3,3.03923744226464
04072001004_2,2.57670820038514
04072001013_1,0.149034958390169
04087007012_1,0.820785939080514
04087007012_3,0.498500094482349
04087007012_4,0.480624672666734
04087007012_2,1.08870762501722
04087007014_3,0.204489996367659
04087007014_4,0.263079804275988
04087007014_2,0.484402493802332
04090005014_3,1.12683459159973
04090005014_5,1.32981638853429
04090005015_2,0.41323422189803
04105012005_3,1.669747021691
04105012005_1,2.88153078662566
04105012009_2,0.130050491644806
04105012009_4,0.693092852305628
04120006012_3,1.04914233879992
04132005011_3,0.485675515515275
04132005013_2,0.529479021617403
04135016008_1,2.1924813888956
04135016008_2,2.73013031460513
04135016008_4,5.05810397655461
04135016013_2,0.252030213765384
04135016013_4,0.446747043462594
04171014003_1,0.806610919302697
04171014008_4,0.287073869385243
04189003002_5,0.252962928417532
04189003002_3,0.264213060981509
04189003007_3,3.58583429054419
04189003007_1,2.63330916766724
04195019002_3,0.0768969204328332
04195019007_4,0.24608910883115
04195019007_2,0.263330377957951
04195019012_3,0.157966600350976
04198025004_2,3.23870285141642
04198025009_1,1.70179691222617
04198025015_1,0.204420984205549
04222008003_4,0.426842580790971
04222008003_3,0.469128055103355
04222008003_5,0.414424047574897
04222008013_2,0.246637745606187
04231013005_3,0.224265971867973
04231013005_1,0.262567621625266
04231013010_4,0.182553969902492
04231013010_3,0.118431179863467
04231013014_1,0.914805217270818
04231013014_3,0.375389713828905
04246001011_7,0.776094290300297
04246001011_8,0.718297828502185
04246001011_4,0.503589174660813
04246001011_1,1.99211014482945
04246001014_2,0.690453427643883
04246001014_3,0.328623121047019
04255015013_3,0.205761701662102
04255015013_2,0.406840862195503
04255015016_3,0.6176230273357
04255015016_4,0.532516186176515
04261012007_1,4.25258944938872
04261012012_2,1.31996049792271
04261012012_1,1.21465028659542
04264014007_5,1.34268123768013
04288005015_3,0.756055133818201
04300002014_2,1.42366432820071
04300002015_2,1.27990033931249
04300002015_4,4.11235224816671
04300002015_1,2.7636688156684
04303006015_2,0.533778106690344
04318008012_5,0.573803364180513
04318008012_6,0.621187524151862
04336006013_2,0.483223222052164
04336006013_7,0.180934468154068
04336006014_1,0.490885838947614
04336006014_3,0.247435104876052
04336006015_2,1.43899405308287
04336006015_1,1.32716218515385
04366004014_6,0.934354383818396
04366004015_1,1.8716289113852
04366004015_2,2.30024153543458
04375020013_3,0.777110000673134
04375020015_2,0.900248702130973
04378004012_2,0.433905779135433
04378004012_3,0.304602177616582
04378004015_2,0.357177148342216
04378004015_5,0.243890796912636
04381002013_3,0.981110415113711
04381002013_1,2.28072963239624
04381002014_2,1.64577832364792
04420002014_4,0.383000638564224
04420002015_5,0.772961721769534
04420002015_2,2.95207338921936
04420002015_4,1.23448557093927
04429001003_2,3.44205633480363
04429001003_1,0.826390912629489
04429001003_4,0.877951763831748
04429001008_3,0.508868541781215
04429001012_4,3.09701686417281
04429001012_1,3.64262646264465
04435008013_1,3.9291000848754
04435008014_3,0.336721093186139
04435008014_4,0.45730405871637
04453003013_2,0.414508870451232
04453003014_2,0.57279954080919
04453003014_6,0.21680255307038
04453003014_3,0.145141493883697
04453003014_5,0.206967744660421
04453003014_1,0.393579109352204
04456003009_3,0.430772378872663
04456003009_1,0.595121333897968
04501005013_2,0.943194037308226
04501005013_1,0.908760103375324
04501005014_4,0.0477535313113036
04501005015_2,0.375116014076083
04504003003_1,3.6480550946247
04504003013_2,0.327039421218226
04531002001_2,0.84407691792888
04531002004_2,2.98647685456072
04531002004_1,3.25432488616124
04531002015_1,1.88333229473073
04531002015_2,1.97066172119573
04537008014_6,0.841273557166211
04537008014_5,1.12173272842732
04537008015_4,0.76139064457337
04537008015_2,0.965427597089841
04558006002_2,0.460234730695615
04558006002_3,0.192766545376535
04558006002_1,0.700360665684356
04558006007_3,0.195531346068543
04558006007_2,0.314676152854711
04570010013_3,0.474690750760519
04570010013_1,2.10789695289132
04570010013_2,1.83991703607052
04570010014_1,0.163600505558191
04570010014_3,0.072347442400297
04570010015_1,1.46444902416481
04597004013_1,0.977051806791309
04597004013_5,0.178795683920265
04597004014_1,0.129085250471175
04597004015_8,0.199701340456133
04597004015_1,0.401131066553182
04651001012_3,0.364669708257258
04651001012_1,0.466892004572642
04651001013_4,2.18734445754438
04651001013_5,1.99698084804485
04651001014_1,3.60647457202442
04672002014_2,5.03437542151408
04681008011_1,0.619369734922452
04681008011_2,0.988162129186854
04699017002_2,0.389611860932491
04699017007_3,0.461702756360896
04699017015_1,2.02461082169654
04702008012_4,4.55297679676976
04702008013_2,4.47113313529599
04702008014_3,0.901806789362338
04702008014_1,2.86101385022501
04711015013_3,0.574126865314816
04711015013_2,0.948953045100158
04711015015_3,3.72534711194271
04711015015_2,4.66091247639251
04717001014_4,1.96819852451222
04726013007_2,4.39632837308671
04726013007_3,1.19205404353771
04726013011_2,0.824872088443315
04732011013_1,3.18270244794934
04732011014_3,0.40896899610029
04732011014_1,0.887475025811036
04732011015_1,1.3371859532734
04762003002_2,1.82531977085069
04762003002_5,0.336008863877386
04762003011_1,1.62068385720039
04762003014_3,0.0817103965579213
04765007013_1,0.772733468045454
04765007013_3,0.595995538370757
04765007014_2,3.29926355107679
04765007015_2,0.288340702067627
04780001014_2,0.360380054156339
04789006012_1,0.370707562710442
04789006013_6,2.10488889682465
04789006013_2,0.482977641119373
04789006014_1,1.75937783342486
04789006014_2,1.15787242471155
04801009011_2,2.99143869190277
04801009014_3,0.212774507968369
04801009014_1,1.05513152673188
04807010007_1,0.0376334433106235
04807010007_5,0.67531454584142
04819005002_1,0.242551376125104
04819005015_2,3.92183184046712
04831007013_3,0.205832138614544
04831007014_1,2.91887402703709
04873004013_4,0.438140685774128
04873004014_6,0.279199552503443
04873004014_3,0.0502533086626169
04873004015_2,2.07924150168772
04876006015_3,0.0749754759574194
04903004001_2,0.309634142560898
04903004008_1,0.324778989742677
04903004013_2,0.17382279095649
04903004013_4,0.0881553433505601
04918004012_8,0.0666035343923
04924005012_1,1.61909629894513
04924005012_2,1.46611832807658
04945007013_4,0.0854237735597959
04945007013_2,0.185106452337468
04945007014_4,0.061355516004779
04945007015_1,0.568005337328135
04969003003_3,0.0612476521851257
04969003003_1,0.0637041269049911
04969003013_2,0.459299362585124
04969003019_4,0.207628884881692
04969003019_3,0.13026651047809
04975003013_5,0.0411213136663179
04975003014_1,0.359695616790776
04978002012_1,0.245719821595221
04978002012_2,0.36515366206575
04978002014_2,0.534249844839737
04978006003_5,0.063299222732189
04978006008_3,0.457715648164758
04978006008_6,0.728752932973651
04978006012_6,0.0495455296714841
04981008001_1,0.102645650643289
04999008014_4,0.361027119373537
04999008015_2,0.255507847240866
05041006013_3,0.289060810646824
05041006014_4,0.165190786417257
05068009013_3,0.481095503817829
05068009013_2,1.20838874769045
05068009014_2,1.79211221269519
05068009015_2,1.13932131693664
05086003013_4,0.199151769440821
05086003014_3,0.126653576377511
05089002002_1,0.753130291198746
05089002012_2,0.0248111676225237
05089002012_3,0.0397491112223794
05092003005_1,1.86439216671947
05092003005_3,0.720471391268946
05092003015_2,0.5457982734011
05104002013_4,1.15699090250712
05104002013_3,0.897086525509728
05104002014_1,0.321599700090061
05104002015_2,0.275409867264661
05104002015_3,0.266725229292294
05128003001_1,0.402638826957914
05128003004_3,0.181614044382058
05128003013_1,2.58331737388828
05128003013_2,1.92821551144846
05170005014_4,0.285733447361573
05191009014_1,0.435511712629789
05191009014_3,0.230740592562846
05191009015_1,0.407305146134384
05281002014_5,0.158105022199515
05281002015_2,2.20624015069036
05281002015_6,0.987216096463133
05281007012_3,0.315153839156875
05284004003_1,1.02280756349688
05284004012_3,0.578947916388751
05284004015_1,2.9000415435151
05290009028_4,0.783702906635166
05290009028_1,2.52893893779156
05290009029_2,2.38961279691738
05290009029_3,2.6247549698596
05344001012_3,0.248449131451802
05347004006_2,0.83165395542808
05347004014_3,2.50530480235007
05347004014_1,1.66693668843521
05356005013_1,0.237021442325932
05356005013_2,0.265190900057637
05356005013_3,0.0827555638472775
05356005014_1,0.38228498774161
05356005014_3,0.165552610735873
05356005015_2,0.426530697839555
05374001014_2,0.0544131649249633
05398004007_2,0.152081528167222
05425001005_1,1.31196145478455
05425001010_2,0.439629664859708
05425001010_4,0.146037891803393
05425001015_1,0.886415470389807
05428017013_2,0.36850514317843
05428017013_3,0.105622571694144
05428017015_1,0.800269783447705
05431003014_1,0.409501812119343
05431003014_4,0.709957123569316
05434007002_5,0.503805632015669
05434007002_4,0.163892583761279
05434007012_1,2.73137640015539
05434007012_6,0.755992693207247
05437020013_3,0.0714327546825729
05437020013_1,0.366757023652431
05437020014_3,0.0804650890660129
05437020015_3,0.133351670208512
05440004013_4,0.140515181505987
05440004014_2,1.942005168005
05440004015_1,1.61748983299431
05449017014_1,0.612360075676682
05449017014_3,0.710577923782181
05449017015_1,5.45093877195395
05455020015_1,3.60034345300577
05467018014_5,1.46817691317747
05467018014_1,1.86631558109603
05467018015_1,0.276889841491253
05470008004_4,1.83810246884811
05470008004_2,4.08938873306801
05470008004_5,1.34615031746832
05470008009_4,0.716711352648733
05470008014_4,0.414915123518145
05473016012_7,0.684285898347428
05473016012_4,0.132386307308371
05473016012_6,0.433052879439915
05473016013_4,0.239271601068442
05476021002_1,1.63517054462483
05476021007_1,2.39108156917753
05476021007_2,1.70443797891039
05476021007_5,0.524016168684317
05476021007_3,0.575272542045279
05476021012_1,0.788928969704824
05476021012_2,0.445656667444777
05479010014_2,3.69625185236219
05479010015_2,0.823346280729508
05482009013_1,2.62830967686489
05482009014_4,0.204900076381451
05482009015_2,0.38907278165607
05497018013_1,0.429943109937828
05497018015_2,4.51023175754882
05521006013_1,0.454539580854418
05521006013_2,0.251428359503563
05521006014_5,2.96761562130327
05521006014_3,0.216602096594917
05521006014_8,0.474183358655726
05527003013_4,0.0998061199816605
05527003015_2,0.983894953405157
05545009002_3,0.701555590561175
05545009002_2,3.36120176264139
05545009007_1,1.51761170596463
05545009015_2,1.18985592493647
05545009015_4,0.546644192134218
05545009015_1,1.10716115333841
05566010014_1,2.21196871982264
05566010015_6,0.170539127264979
05566010015_7,0.127938839899202
05572001013_5,2.95294709121266
05572001014_1,0.976996160454105
05572001014_3,1.03321008881356
05587005013_4,0.93591961734396
05587005013_6,2.00764145668805
05587005015_3,0.231487065080522
05599012007_4,0.549927289114242
05599012007_2,1.52974707961464
05599012007_1,1.46045295101825
05599012007_3,0.41115526970106
05599012012_2,2.08003610402483
05605006013_5,0.424016916341852
05605006013_6,0.45564792706936
05605006014_1,0.701790936068414
05605006015_6,3.12522202904812
05611004013_5,0.188243443270522
05611004013_3,0.09234585763367
05611004014_2,0.589288146053264
05611004014_6,0.204512868548926
05611004015_4,0.390229108758476
05614004014_1,0.942520918956451
05614004014_2,0.157805163962508
05647016013_5,0.209005745076924
05653040013_3,0.491244327651473
05653040013_1,2.26579568601338
05653040013_2,2.33809426245127
05653040014_4,1.62263992308336
05653040014_1,1.13408379264551
05653040015_4,0.410155478043863
05665016013_1,0.511655674851814
05665016013_5,0.49695943367451
05665016018_1,0.897008735340174
05674003013_2,0.495339901790215
05674003014_2,0.753021355745852
05674003015_1,1.39090330129043
05689001003_3,0.168725162477372
05689001003_4,1.07940150694009
05689001013_2,0.173473877025649
05734003013_5,0.0932358231160685
05734003013_6,0.392042008781424
05734003013_4,0.0787885549433894
05734003014_4,0.137136867768469
05734003015_3,0.149499855960401
05734003015_4,0.379799172504377
05746013013_2,0.568967505863325
05746013014_2,0.808526912384691
05746013015_2,1.35926324928663
05749005013_6,0.116051905076289
05749005013_7,1.78531902146627
05749005015_2,2.72350334433455
05797007013_4,0.1534665647324
05797007013_2,0.371041783881816
05797007014_5,0.450524214685423
05797007014_3,0.711333503703316
05797007015_4,0.165876769572503
05797007015_1,0.392553886216685
05803014002_1,1.73129054042389
05803014007_3,0.150543420115923
05803014012_1,2.66253367695539
05812004014_4,0.0466377905904549
05812004014_5,0.0822302905148445
05815002014_1,0.945952461056693
05815002015_3,0.0498893673634682
05815002015_4,0.173530583127625
05872014013_1,0.380147073733054
05872014014_4,0.160661321385573
05872014015_10,0.283220727517693
05872014015_9,0.352270873737142
05872014015_1,0.845796316738699
05878022013_2,1.13689463911574
05878022014_1,0.702066386424902
05887001003_2,1.20454249344123
05887001008_5,0.44438066145916
05887001013_1,0.668800364829653
05887001013_3,0.182384514690892
05899005013_4,1.06809334361374
05899005013_1,1.2775122150698
05899005013_2,0.637567561618202
05899005013_6,0.582421656633884
05899005014_1,0.399071995933001
05908004003_1,0.684665505133164
05908004008_2,0.335282958339463
05914008013_4,0.204375751176088
05914008013_2,0.60519969212239
05914008014_5,0.768213626889366
05914008014_1,1.56890933548162
05914008015_1,3.98928856330289
05917003013_2,2.35939086693151
05917003013_1,2.16880626837215
05938005007_2,2.80309795099021
05938005015_3,0.108230637494041
05938005015_4,0.170245034627082
05938005015_2,0.494612833973116
05947011013_3,0.401252471993616
05947011015_8,0.674740285971425
05947011015_4,0.0976028999574812
05959010014_3,0.0790354168121978
05959010015_3,0.208909863349355
05962003013_3,0.018244241461009
05962003014_1,0.301308370637932
05962003019_4,0.245806114466599
05962003019_2,0.0371916623221509
05965002003_6,0.217300313597251
05965002003_1,0.46979703557305
05965002013_5,0.049197561086892
05965002013_4,0.066663617776632
05971016013_1,0.822175750676339
05971016014_3,0.121631279436168
05971016014_2,0.0995094732022167
05971016015_5,0.427874531141359
05977015007_2,0.239738867298693
05977015007_1,0.727989747970786
05977015012_2,0.761603365125924
05977015015_1,0.298617224259669
05980009015_4,0.232710530867561
05983019009_4,0.077953330687601
05986021009_5,0.464651682264862
05986021009_2,0.467644207300095
05989010002_4,1.64624445248003
06010001012_1,0.206659980113571
06010001012_2,0.208386075907086
06010001012_4,0.10197378659473
06010001013_2,0.422483874991983
06010001013_5,0.350288331276503
06010001014_1,0.222630654427733
06010001014_3,0.107476488778848
06046011004_2,0.110280145081025
06088008009_8,0.0651882720008141
06088008009_2,0.304354237670965
06112004009_3,0.0471775109986685
06151009013_1,0.316127911243085
06181004008_2,0.42911965119907
06181004008_1,0.373140414987046
06184007013_4,0.0991605287069897
06184007014_2,0.771196091424861
06196008013_1,0.508251572327141
06196008013_3,0.165534662621175
06196008015_6,0.870871967313292
06199007009_2,0.881990267972756
06199007015_3,0.193330230029759
06217002013_1,0.44904616282476
06217002014_2,3.29169935684603
06250004003_4,0.287988293192529
06250004003_2,0.819951641981321
06250004003_3,0.207155450550069
06250004008_1,0.570252761900379
06250004012_5,0.124414544763218
06250004012_1,0.279069710417065
06250004012_2,0.395547668795808
06298002014_2,0.156852981402972
06298002015_3,0.157665530662604
06313005014_2,0.388022148321627
06313005014_4,0.16518371847201
06331004013_2,0.344056265669345
06331004014_3,0.0835936145938139
06331004014_4,0.440161461038338
06331004015_1,1.00881273918046
06331004015_2,1.38814231179773
06385002007_1,0.585475267216113
06385002012_2,0.498442765066244
06385002012_1,0.558969051940172
06385002015_2,0.706607488496479
06394006013_3,0.154062858739278
06394006015_1,0.256422043355912
06397005003_1,0.377054305345225
06400007006_2,0.525835718054045
06415004013_3,0.618797249953004
06415004013_2,0.1797259713447
06415004014_1,1.57728478209873
06415004014_3,0.342207239153794
06415004015_1,1.41103049621446
06451008013_5,0.269787923412903
06451008013_3,0.0119224752545534
06451008014_1,0.397045997633653
06451008014_2,0.39262209230613
06454005003_1,0.213152997849496
06454005003_3,0.0294324650692054
06454005009_1,0
06466008009_1,1.02480804397323
06466008015_2,0.367787987242738
06466008015_3,0.282390120597181
06472005013_2,0.97122409678244
06472005014_2,0.062983336078046
06472005015_5,0.577817417021491
06472005015_1,1.081889863996
06520008003_6,0.221762056111935
06520008008_1,0.8000615170789
06520008008_4,0.143343772654604
06520008013_2,0.858269259742893
06529012013_5,0.801693240066789
06529012013_4,0.529294850007331
06529012014_2,0.357685636494157
06547006013_1,1.11087127697332
06547006013_2,1.28163001228157
06553004009_3,0.089241801221695
06553004009_4,0.130533804528934
06553004015_1,0.452992686347309
06568001013_1,0.813409747410352
06655025013_1,0.771731174585069
06655025016_1,2.57280212442143
06655025017_1,1.61276122286796
06661003013_1,0.171840028612515
06661003015_3,0.082981510203802
06661003015_4,0.0743535415966106
06661022011_2,0.165500646973398
06664016012_1,2.44735105493584
06676006005_1,0.642121897632398
06676006005_3,0.295565156688892
06676006010_2,1.30079143673699
06676006015_3,1.47048578872418
06679015013_3,0.905486715816665
06682013003_2,2.14596459947465
06682013008_1,0.348722506879729
06682013008_2,3.59460468724151
06682013013_4,0.310683012934659
06688002012_4,2.48156978621122
06688002013_1,2.8883628435379
06688002014_1,0.518345240638354
06697030013_2,3.810486069906
06697030013_4,2.44327600964001
06697030013_1,3.70848418470377
06700003003_1,1.23608304813038
06700003015_3,0.643686656591375
06709006013_2,0.827125179618929
06709006014_1,1.21832959368394
06733007013_2,0.775152777862223
06733007013_3,0.103284796376718
06733007013_4,0.198294959897492
06733007014_2,2.04758167132774
06733007014_1,1.93880690762158
06736001004_1,0.609915632209747
06736001012_1,1.9548081355482
06736001012_3,0.68100306145226
06742017007_1,2.23610563904236
06742017014_4,0.0678723747893649
06742017014_2,0.529670865094565
06742017014_5,0.189159859097227
06748004002_2,0.684331009156614
06748004011_3,0.0817857802356893
06748004011_5,0.0949967918896582
06748004014_4,0.298385649672277
06748004014_7,0.0825165640952596
06748004014_2,0.0838744628621919
06760038012_7,2.27924937670071
06760038013_1,1.1198423768578
06760038013_3,0.532104616372653
06760038013_4,0.265935937584037
06763005004_1,1.48073720503605
06763005008_4,0.535133029283388
06763005008_5,0.206790512600706
06763005012_1,0.555012232083941
06763005012_2,1.12187356697729
06766019014_2,1.59723775931846
06766019015_3,0.211529836605755
06766019015_1,0.660793608698038
06772019004_2,2.54969417988594
06778004008_2,0.31472629744996
06778004012_1,1.52038062943384
06784006013_3,0.443973876783466
06784006014_4,0.0930179895019239
06784006015_3,0.0668578503351154
06784006015_1,1.37076298594883
06790003013_2,1.93118826106502
06790003014_1,1.36686521013374
06796006004_3,0.122874512455004
06799002005_3,0.287728223344446
06799002005_4,0.140485735252535
06799002005_1,1.0747487711839
06799002010_5,0.421071442905558
06799002015_2,0.194182467950187
06811022008_2,0.370546317343574
06811022008_4,0.23371576844022
06811022008_3,0.166697390959374
06811022013_1,0.769557097966886
06811022013_2,0.74254575255553
06817006014_2,3.70371137559338
06817006015_3,1.31785436862084
06817006015_2,1.74803741908407
06820016013_3,0.0937325908424179
06820016014_2,0.155416984993208
06820016015_4,0.13585235791647
06820016015_1,1.99910239881891
06820016015_3,0.183606419009302
06820016015_2,0.559994926021764
06832021004_1,0.93220249418773
06832021004_3,0.0318132233874472
06832021012_3,0.231798487801171
06868003003_1,1.68397436005589
06868003003_2,1.64888744295986
06868003013_2,0.28809858366156
06868003013_3,0.111430142707706
06868003013_1,0.223641960944903
06880010013_6,0.57986017124926
06880010013_1,0.322449327627106
06880010014_1,0.221147081552437
06904001013_3,0.111631988043983
06904001013_2,0.183910884048412
06904001014_3,0.0399895407326746
06904001014_6,0.208921331761209
06904001014_4,0.308688769569583
06928005003_5,0.253986519150756
06928005003_2,1.19989908461173
06928005009_5,0.0663721453118312
06928005009_3,0.0647353766656645
06928005009_8,0.248775326684182
06928005015_4,0.070683392469742
06970008007_4,0.186519882898909
06970008007_1,0.0659270304123158
06970008007_3,0.153469122462129
06979007012_2,0.216643656074203
06979007013_3,0.117576551860902
06979007014_3,0.076323749723885
06979007014_4,0.0822649014954011
06979007014_5,0.113374081783325
06994007013_4,2.54036169521342
06994007013_1,3.84795653121699
06994007014_3,0.414091544557458
06994007015_5,4.12143321195356
07012009015_3,0.111247562847618
07048004004_1,1.05688298680182
07048004008_2,0.286135870168671
07048004012_4,0.264074022516446
07069019013_1,1.39890265130879
07084005013_1,2.07669428074386
07087006004_2,1.23765101478831
07087006008_3,0.12961058074144
07087006008_1,1.11979614310729
07096004003_2,0.415375591766258
07096004003_1,0.741520354605032
07096004008_3,0.139670895038473
07096004008_2,0.202709602784738
07096004013_2,0.292309540856012
07099015013_3,0.0565499015093338
07099015015_4,0.0704915620593135
07099015015_2,0.241349215971122
07126015001_3,1.69627233827689
07126015001_2,1.92645673477113
07126015014_3,0.439090380530787
07126015014_1,0.441530259055906
07132025013_2,0.354945179718207
07132025015_1,0.956347598384109
07150010013_1,1.31714016206027
07150010014_1,3.66741791935828
07150010015_2,0.809768282857906
07150010015_5,0.180651444616374
07150010015_6,0.138103753172084
07153005015_3,0.212264170449116
07174014003_1,1.31045655640964
07174014008_2,0.972114316363394
07213006013_4,0.160310514682799
07213006013_3,0.33724480247014
07222008012_1,1.18306852366987
07222008012_2,1.02237019818011
07222008015_5,1.62061410355179
07228005003_1,1.01619736520096
07228005008_4,0.229661190858957
07228005008_6,0.0982563105167834
07228005008_1,1.41526145993915
07228005008_7,0.07187297123604
07228005008_5,0.0812624233535345
07228005013_2,0.782571547191013
07252005003_1,0.547447308122331
07252005013_4,0.0991482562759358
07264009014_5,0.0510624426086539
07264009014_2,0.194248011205637
07285004013_5,0.396180800499553
07285004013_6,0.235785424828056
07285004013_4,3.22689521012495
07285004014_2,0.759101135707629
07285004014_1,1.35534986361167
07285004014_3,0.113115358955552
07294004007_1,1.84925548210757
07294004007_2,1.19315713491344
07294004007_4,0.706151010353346
07294004007_3,0.792315897859181
07306003009_1,0.919155934635207
07324012003_1,3.209039554445
07324012008_3,0.197474070392348
07324012013_3,3.10299659074364
07336008012_2,0.636107114183156
07336008012_3,0.265349963050421
07336008014_3,0.816137223159686
07345012014_3,0.0869922278651272
07378010003_5,1.24477614216014
07378010003_4,0.851313553049783
07378010013_1,2.14540599891006
07387015013_2,0.382045909868667
07387015014_1,1.99227711267922
07387015015_5,0.297786637306504
07387015015_2,0.318308286044941
07396003013_3,0.230051817321957
07396003014_1,2.19866349033555
07396003014_2,1.35795250419298
07396003014_4,0.636708891367857
07396003014_6,0.605391000641731
07396003015_6,1.30072507806857
07402016002_2,0.752936491069603
07402016011_4,0.0972005679095587
07402016011_2,0.397178396207586
07417018003_6,0.166081984064453
07417018003_4,0.1279573238092
07417018003_3,0.106941601969499
07417018008_1,1.22664843461944
07417018013_2,0.189506826860759
07426012013_1,1.35699513142458
07426012013_2,1.63042886671836
07426012015_5,0.967556802809669
07432018002_2,0.210607594516654
07432018006_1,0.727974180719199
07435002013_4,0.501390212993008
07435002014_3,0.0439560505803672
07435002015_2,0.140643356986751
07444009012_3,0.0276238735858631
07444010012_5,0.849503756309503
07444010013_2,0.615875146443
07444010014_2,0.478457482260126
07462003003_3,0.27119188151875
07462003013_1,2.5551027139027
07480010015_1,0.648583967994969
07486009012_2,0.190586087687087
07486009012_4,0.139594407040788
07486009012_1,0.244794498046741
07486009013_2,0.121180794883666
07486009014_1,1.72948217826967
07486009014_5,0.564077510644853
07504004012_3,0.0588909215867809
07504004015_6,0.379193578905279
07510012003_2,1.8601866311944
07510012008_5,0.335939327803307
07522008013_4,0.136808342681809
07522008013_6,0.124313993790038
07522008014_1,0.665750066131368
07522008014_4,0.269232579852793
07522008014_7,1.22749791534711
07522008015_4,0.361607237905515
07549018014_4,0.366169884932881
07549018015_2,0.233764622979464
07576006008_3,0.178231818850592
07576006013_5,0.0411553851602737
07576006013_3,0.0013209559761836
07594012014_3,0.137074507022555
07594012015_1,0.482136048420671
07654003007_4,0.117785287536367
07654003007_2,0.381185742157655
07654003012_1,0.363019002563196
07663001015_1,0.293407523425015
07663001015_2,0.344254315485286
07681002013_4,0.0471155099061122
07681002014_4,0.517649489930409
07681002014_2,0.119839647567074
07681002015_3,0.0317858745186953
07702006013_3,0.0519557871607508
07705004009_6,0.0685158214224662
07705004009_7,0.802814009470119
07705004009_3,0.00439109363835665
07705004014_2,0.23696090157983
07720008003_2,2.58271990607174
07720008003_4,3.82004829656268
07720008003_1,3.14031196561748
07720008012_2,1.1081885131387
07720008012_1,1.87200136710736
07759013003_1,2.74195272803482
07759013003_3,1.19140037117558
07759013003_4,2.12901270503368
07759013012_4,2.70827035587424
07762009013_3,0.282789363515582
07762009013_1,0.935928502080227
07762009014_2,0.619779488249432
07762009014_3,1.63572315048374
07780017008_1,0.187493380786946
07780017013_5,0.0908260453690579
07780017013_4,0.0799672349167543
07780017013_1,1.71392305016156
07780017013_6,0.0802669227883678
07789018012_4,1.35224091505965
07789018012_3,0.943968026411928
07789018013_4,0.0645679415222501
07789018015_4,0.0971196445003358
07789018015_2,0.132336275629151
07795026014_1,0.972541002087051
07795026014_2,1.30536037256031
07831011013_4,0.265669499687432
07831011013_3,0.110662305819808
07831011013_5,0.75842789866102
07831011015_1,1.52465155011366
07831011015_3,0.113448281162828
07840008002_4,0.0954329565409801
07840008011_1,1.92954270207959
07840008014_3,0.0433843934649186
07843004012_4,0.814576183833589
07843004013_1,0.628676962519244
07843004013_2,0.934107881715452
07846006003_1,0.252197884000896
07846006008_5,0.04349586230111
07864006003_1,0.488553413695655
07873004013_2,1.13183845424974
07873004013_4,0.780911230971516
07873004013_3,0.206713217761415
07873004014_7,1.19883205505576
07873004015_1,2.10437587415293
07882006013_1,1.72616853010598
07882006013_3,0.283322695090898
07882006013_4,0.204334815598143
07882006014_3,0.0660297470094459
07882006015_2,0.509893668265425
07882016008_6,1.63362948328439
07882016008_4,0.648844425412446
07882016008_5,1.48951044571854
07882016013_2,0.607268848488681
07888013003_2,2.37668011071673
07888013008_5,0.319137778475799
07888013013_2,0.744027485778875
07888013013_3,0.163708663585002
07891001008_1,2.93887156324821
07891001013_5,1.67541558296653
07891001018_1,2.01125973018744
07897003013_4,0.267472347359378
07897003015_2,3.78332579566011
07897003015_3,0.874782847852264
07900025014_1,0.955363070261141
07900025015_2,0.0739604659600275
07909002013_1,0.874912931026817
07909002014_2,1.07863045653845
07909002015_1,0.458655037107863
07921002002_1,1.51845550521376
07921002007_6,1.84814176500493
07921002007_3,0.928372902766878
07921002007_2,1.6953929631643
07921002015_5,0.128055098906874
07924023015_2,2.59694776256556
07927002001_2,0.582103439545039
07927002001_3,0.465435422073211
07957007013_1,0.521672592993106
07957007014_8,3.68913479188101
07957007015_1,0.259100447481878
07960001013_1,1.66151401158108
07960001013_4,0.690873774196801
07960001013_3,0.637714864068489
07960001015_1,1.59266758301095
07960006015_3,0.862256819752289
07975006014_3,0.0214407089719641
07975006014_7,0.0887743434304574
07987002003_2,0.691911672264212
07987002008_2,1.14709876817822
07987002013_1,0.739126210086551
08038006011_1,0.940834293349076
08038006011_2,0.41215519680577
08038006012_3,0.757540676181871
08038006013_2,0.444152991753153
08038006013_1,3.14240856857366
08038006013_4,0.268590213165228
08041004013_2,0.173583975863089
08041004013_5,0.515633452098779
08041004014_1,0.255172958009492
08071003013_4,0.18100100239884
08071003013_1,1.34935391676897
08071003013_2,0.832292461498215
08071003013_5,0.494228131139893
08071003014_2,2.12947464514604
08071003015_4,0.19717575623455
08071003015_1,0.349030281135178
08125003003_2,0.200119315724278
08140003011_1,1.42133565831607
08140003012_5,0.188541989060122
08140003012_3,0.121684213240808
08143007014_4,0.260132550064187
08143007014_5,0.868123203719415
08143007015_3,0.0866240963034569
08143007015_1,1.43770098335933
08143007015_2,1.09271629255023
08173007014_6,1.39478779617312
08197010007_3,0.917678753459396
08197010007_1,1.21833082623742
08224010012_3,0.496209166930198
08224010014_5,0.490553912384796
08230009012_4,0.207776179292731
08230009013_1,0.212881395381936
08230009014_3,0.206613912490948
08239006013_2,0.252051967402836
08239006013_4,0.192720814079867
08287006013_4,1.44271619471226
08302001015_2,2.21963997030662
08320001013_1,1.04456309647102
08320001013_6,0.935536670161771
08320001014_2,3.01038759272833
08320001015_2,0.727287939725168
08320001015_3,0.519516793093102
08335001015_3,1.49696706639271
08341002010_5,1.41104583795829
08341002010_1,0.337158443217432
08374006013_5,1.06921296311412
08374006013_3,0.210101361331106
08374006015_1,0.275856404793488
08389001002_1,2.26118680475681
08389001007_1,1.44504092301843
08389001015_3,0.229118409011891
08392004013_4,0.856569184072922
08392004015_1,1.12452467200399
08392004015_2,1.79298760253429
08407005013_3,0.177770526246011
08461005013_2,0.0787368707134631
08461005015_3,0.0196203510756159
08461005015_2,0.333152737526929
08461005015_6,0.670142229608957
08461005015_4,0.0697121325298313
08470005013_3,0.111174863426796
08470005013_4,0.530163018246285
08470005013_2,1.27740217885425
08497004012_1,0.431225801613369
08497004013_6,0.412000153200577
08497004014_3,0.426118518176901
08498015013_1,0.130118671543701
08498015013_4,0.157785897688177
08498015014_5,0.682843683760975
08498015014_3,0.0889781029495366
08498015015_2,0.0367606032020407
08498015015_5,0.101837686363925
08512006004_3,0.662213688832285
08512006004_2,2.81796370881508
08512006004_6,0.577148653302744
08512006014_1,0.57725871427379
08515003015_1,0.330466046510029
08521006013_3,0.209832933750295
08521006013_1,1.09615481124952
08521006014_1,0.126924557064235
08521006015_1,0.436410285959005
08572012007_3,0.055481966040021
08572012007_1,0.262233867832957
08572012007_6,0.856636002934155
08572012015_2,0.15046532119952
08584004014_1,0.659231426742233
08584004014_3,0.266026741695356
08590003006_2,2.34203369141856
08590003006_1,2.64250777663117
08611008012_3,0.399324619043979
08611008013_2,0.338099599974774
08611008014_2,0.70162375531803
08617003013_2,0.600849447012587
08617003014_1,0.849691292694223
08620003012_2,0.389422713130866
08620003012_5,0.557918294416098
08641008014_5,0.728065010391266
08641008014_1,0.0613560686378134
08647003007_3,0.035397300435087
08647003007_4,1.51983308281004
08647003012_7,0.662649958653268
08647003012_6,0.734212882384117
08671009013_4,0.721647122217956
08671009013_2,0.148644689556626
08677011013_2,0.394586395359112
08677011014_4,0.123813344416799
08689005007_3,1.09483539844229
08689005015_2,1.90416651291056
08689015012_6,0.190652924122211
08689015012_3,0.311473354766133
08707007013_1,0.934047685496402
08707007014_4,0.456096331810878
08707007015_5,2.03051098998568
08710027009_3,0.183700929971058
08710027012_2,0.65542917134602
08710027012_4,0.104676013717056
08713001002_1,1.29684727054601
08713001007_2,1.98459087473621
08713001015_2,2.34539170917234
08713001015_3,0.576870325052071
08719002002_1,1.18542293810104
08719002006_2,0.982517611789906
08725007007_3,1.28517700762376
08725007012_1,5.05564718415351
08728031013_3,2.32715879679363
08728031013_5,2.31332818100979
08731004003_4,3.96882775097208
08731004008_2,2.16574485964092
08740007003_2,1.53244557470811
08740007003_6,2.50574963771567
08740007013_3,0.519347276267562
08746013003_1,1.89766669682668
08746013003_3,0.18965298268396
08746013003_5,0.131419348545698
08746013007_4,0.0664293200763548
08746013007_1,1.5739637679507
08746013011_4,0.362275423575461
08746013011_5,2.53545439071757
08746013011_2,1.53969501701022
08752005002_3,0.49182481267011
08752005002_6,0.6327700212777
08752005007_1,3.79211497740561
08752005007_3,3.09860081943045
08752005015_2,0.834159307922104
08752005015_1,1.01466857410457
08752005015_4,0.0969296035769123
08752005015_5,2.21394467800789
08755008002_6,0.566848073010549
08755008007_1,2.43094611201078
08755008007_4,3.78854991078555
08767009008_2,1.80854743634604
08767009008_4,0.917695008969139
08767009012_6,0.331382764194661
08767009012_2,2.21920247361582
08779006002_1,1.59737768810418
08779006007_3,0.963457382102091
08785012007_4,0.155547775205107
08785012011_2,0.882989521005935
08833003014_4,0.0797287316477358
08833003014_1,0.542781771654632
08833003015_3,0.592045846045501
08842010003_1,1.12113652536517
08842010003_3,0.474187734243517
08842010003_2,1.45462951756284
08842010008_2,1.45512119346806
08842010008_6,1.62236341123974
08851005015_4,0.901299481023669
08854005004_2,1.58235157028012
08854005009_2,1.38894697056599
08869002013_1,2.77125587475907
08872006003_2,2.23095934169057
08872006008_4,0.114633110559463
08884014014_5,0.131614519959046
08884014014_1,0.558995299084111
08887007003_1,0.452964268746161
08887007009_5,0.0737106542747785
08887007009_1,1.98798679148543
08887007019_1,0.711286296837357
08890010002_5,0.59294843695328
08890010015_1,2.6218895532063
08896001003_3,1.31498800022873
08896001007_2,1.87213399129548
08911010003_3,0.0601966872825119
08911010008_4,0.10885529749786
08911010008_1,0.455212454264006
08926004013_3,0.732867983868236
08926004013_2,0.220722730019114
08926004013_4,1.42608508112109
08926004014_3,0.0600307501985449
08926004015_2,0.501434633607679
08932012002_1,1.24878177152262
08932012008_3,0.0930226882232983
08932012014_3,0.264478122617276
08932012014_5,0.946691448273823
08932012014_1,0.292851824843534
08935024013_7,0.326106270430235
08935024013_6,0.473326819422401
08935024013_5,0.198739544127053
08935024013_2,2.47632348587688
08938008006_2,0.202578993528775
08938008014_6,2.18277861753001
08938008014_1,1.53330522171019
08944031004_3,0.0605982872200927
08944031009_4,1.3311716163094
08944031014_3,0.161916132814214
08962004013_3,0.387238780934072
08962004014_1,2.47910602449505
08962004014_2,1.97810296724791
08962004015_4,0.177223866404753
08962004015_1,1.22219703081953
08962004015_3,0.458632390372654
08986010013_4,0.160756513651623
08986010013_2,0.439978340568812
08986010015_4,0.578107581300246
08986010015_2,1.59497263145637
08989015011_5,0.691447043325105
08989015011_4,0.446490514628861
08989015011_3,0.259907925705252
09004008012_1,0.40476239323704
09004008013_1,0.359517462569757
09004008013_4,0
09004008014_1,1.08811435828109
09019010007_6,0.623092009991172
09019010007_5,0.292053239863205
09019010011_1,0.201590706058416
09022017014_3,0.379170156808307
09022017015_1,0.345153344928424
09022017015_2,0.340449676905452
09025008002_4,0.315840762592143
09025008007_4,0.668346279385349
09025008007_3,0.507026859746498
09025008007_5,1.49773121549454
09025008012_5,1.41267544070584
09025008012_7,0.338109527963018
09025008012_4,0.670506945270069
09028007004_1,0.56440041540256
09028007004_2,0.137171596109091
09028007008_1,2.34470847895975
09028007012_3,0.113661528957913
09031009003_1,0.827416148118853
09031009003_2,0.0937429824378025
09052002013_5,2.19512797046412
09052002013_4,0.628624875604128
09052002014_4,1.57896624802522
09055003007_2,1.21216489633202
09055003011_1,0.949932967582733
09061011004_1,2.05892251103171
09061011009_4,1.99113713506146
09100003013_2,1.97927081151792
09100003014_3,4.05558644188623
09100003015_1,3.62486795817206
09100003015_3,0.398140015314129
09100003015_4,0.659446178766375
09109003002_2,0.662655931320287
09109003005_6,2.32604643084594
09109003008_5,0.0662449500419909
09109003008_8,0.544597473955101
09109003008_3,0.0521500584552025
09109003008_7,1.1054358600992
09115009003_3,0.183002382116767
09115009008_3,0.634425042601629
09115009008_5,0.804830605224893
09115009013_5,0.734531657573731
09130008015_1,0.150296241712098
09151005015_2,0.17381112405114
09151013014_3,0.124397038664771
09160009004_1,0.907650018746492
09163013011_3,0.152154227166879
09163013011_4,0.26361447220563
09163013020_6,1.37721054702006
09163013020_5,0.70631151981233
09163013020_2,0.446960197960528
09163013020_3,0.172413245498502
09172003001_3,0.163921625523723
09172003011_4,0.320387237033298
09181010013_4,0.330896894727144
09190039002_2,0.418318577373902
09190039012_4,0.0698287406823273
09202017004_4,0.539217954316873
09202017009_4,3.97856741921784
09205036010_4,6.11297849722022
09205036010_2,7.12487395507072
09205036010_6,4.18066832917756
09211005008_2,0.279030274085285
09211005013_3,0.168847150082767
09211005013_1,0.349887282248628
09214003008_3,1.85885913356921
09214003008_1,3.90420693399114
09214003013_1,3.33655039797767
09232084013_3,1.96608993782974
09232084014_2,0.9205340083112
09232084015_2,5.76379865782378
09232084015_5,3.17954237004553
09232084015_4,3.73020774132706
09244005003_2,0.323759433614874
09244005007_2,1.80999893443083
09244005015_3,0.183410238806329
09253017013_2,3.66918303188254
09253017013_5,6.10130852018237
09253017014_4,0.203265283126834
09256011013_5,0.207790540390322
09259007006_2,0.736760177642137
09259007006_1,0.961912569754774
09259007006_3,0.480250327786435
09259007013_4,0.19665649394578
09259007015_2,3.95728065150272
09259007015_3,3.71015396853414
09259007015_1,2.84822710336898
09268001014_3,1.98076735046951
09271027006_1,5.43457129884673
09271027006_7,3.16241049019018
09271027011_2,0.555591119582793
09277005003_1,0.161655923220988
09277005013_4,3.90559194820895
09277005013_6,0.702148649224528
09280012014_3,2.48380390699999
09280012014_2,1.11035970576481
09292002003_2,0.798321507558799
09292002003_3,0.148798291421637
09292002013_5,1.25123547635988
09301015008_2,1.11777965861223
09301015013_2,0.507518025250182
09319012002_5,2.48705524904146
09319012015_2,0.63612213261514
09322018014_1,1.92776088383659
09322018014_2,1.12970408129871
09322018014_6,0.0867801979646195
09322018015_1,0.123407626009134
09322018015_6,2.61635731159534
09325007004_5,1.66809048671197
09325007004_2,3.64611216410587
09325007008_1,0.25713354062794
09337005003_3,0.497115918753595
09337005008_1,4.40009952673242
09337005012_7,1.41774512998811
09337005012_5,0.623663148862861
09340041004_4,0.16491958857035
09352016013_6,0.648091340051529
09352016013_1,1.26104606975642
09352016015_5,4.88036159038057
09355051003_1,4.72019724921128
09355051007_2,1.48842335746262
09355051011_2,0.469465836011512
09367014013_1,5.49268848363006
09367014014_2,1.03800786536748
09367014016_6,1.08084629211098
09367014016_4,0.830149378707405
09367014016_3,0.358172923592915
09385018013_2,5.57859246071242
09385018014_4,2.6353953794831
09391017013_3,3.38662676993809
09391017014_7,4.18801073236829
09391017014_3,0.997138286015698
09394018007_4,3.01658049687794
09394018011_3,3.67706650452124
09397010014_5,3.97849719392151
09397056014_2,0.759022979354189
09403007013_3,2.77791245530093
09403007014_4,3.33390784637311
09415009004_2,2.44962587943621
09415009009_1,2.50703067123178
09415009009_4,1.00437350587157
09415009009_2,2.58818410688815
09436005013_4,0.370747106678695
09436005014_4,0.658645057647993
09436005015_3,1.46514842216504
09445015008_4,0.282690595470497
09445015013_1,1.736049033069
09448007012_4,0.535804405688141
09448007012_2,1.45788109858891
09448007012_3,0.856075936680791
09469002007_2,0.951745163817779
09493003003_2,0.399514257667817
09493003003_3,0.634448658931835
09499015002_7,0.949226266233291
09520002004_5,0.82470679355741
09520002008_2,0.33552079114822
09520002008_4,0.111857285146265
09529013014_5,0.0354789376045563
09529013014_4,0.0962986937681822
09551085012_5,0.840475348451262
09551085022_2,2.79064845463485
09552014003_4,0.27249848100106
09552014008_4,0.0933202962569744
09552014008_5,0.0663808353536012
09552014013_8,0.135022740356201
09552014013_6,0.198126342197716
09552014013_2,0.636263007351225
09552014013_1,0.749912746885923
09556016014_4,0.112439701825767
09556016019_1,0.138340721326748
09571049015_4,0.791027481875943
09595007013_4,0.0509736299218521
09595007013_5,0.110767657068017
09634026014_3,0.0810040295617569
09658004013_1,0.509046884304024
09658004013_2,0.160930255524625
09685013013_3,0.101583695111981
09685013013_5,0.27269578028303
09685013013_1,0.139429185224433
09685013014_3,0.0980687599113416
09685013015_3,0.098792732787501
09697009012_3,0.29426059055911
09697009012_2,0.8420475202387
09727009014_4,0.141020281418362
09727009014_5,0.12796739222192
09754012014_2,0.726481115731643
09754012015_3,0.0798895575098006
09754012015_2,0.870169972722504
09769003003_1,0.749490438519405
09769003008_2,0.635879581319352
09778003014_1,0.789413012135315
09778003014_3,1.58721343593012
09778003015_1,0.462085372918366
09817004013_4,0.0465107012863572
09817004015_4,0.105914411354747
09817004015_5,0.0732344003003195
09817004015_6,0.0486060593886051
09826005015_4,1.20298859614918
09847004002_2,1.06113285542494
09847004015_1,2.42749241657919
09850023013_5,0.0622091022436452
09850023013_1,0.516690682242245
09850023014_5,1.87948098616023
09850023015_2,0.518149881271453
09877047014_2,0.0880205466218748
09877047014_3,0.113462463525094
09877047015_3,0.885000046072149
09877047015_1,0.0816471185771628
09889011014_3,0.0398019337062972
09889011014_4,0.0750451503663419
09907016002_1,0.391680017278453
09907016006_3,0.826794876610526
09907016014_4,0.243699313407852
09907016014_3,0.106661606130438
09916009011_4,0.18075412203026
09916009014_1,3.36205012642457
09916009014_3,0.643222812398169
09949016013_1,0.652722599129116
09949016013_4,0.170562529534844
09949016015_2,0.228089093342825
09967018013_3,0.153836925993135
09967018013_2,0.837806699416755
09967018013_1,0.783632201205771
09967018015_3,0.570709841496565
09967018015_1,0.168985431684363
09988011013_2,4.84639521837239
09988011013_1,2.13266210380954
09988011014_1,0.302993621207432
09988011015_2,0.141333371179128
09988011015_1,0.322213332913327
10027002011_3,0.479807538782085
10027002015_2,2.76246764785779
10027002015_3,1.73215867845359
10045011011_1,1.85630677983606
10045011012_3,0.903502473334766
10045011012_1,3.46166015157388
10045011012_4,1.41003926875618
10045011015_5,0.683168041989951
10045030003_5,0.765823812918934
10045030003_6,0.963765280174474
10045030008_5,3.3083051124157
10045030008_3,0.814230781373848
10045030016_5,0.663695513340822
10069001015_2,2.46571748374396
10108011012_3,0.325639507087697
10123004013_2,0.155152781930111
10123004013_4,0.188591785691492
10123004020_3,0.182534356099165
10123004020_1,0.256112428922864
10147017013_4,0.203198061348251
10147017013_1,0.107579947053035
10180020004_3,0.173446706746144
10180020013_3,0.309441433411828
10186017013_3,0
10210003008_2,0.287899936730419
10210003008_6,0.102190405119731
10210003008_5,0.0841233306932485
10210003009_4,0.0885489872432051
10210003009_1,0.916438454311302
10210003009_5,1.29322977462954
10231001012_2,0.834438244551068
10231001014_1,1.5837735473215
10234001007_5,0.645584542753427
10234001007_1,0.635590185310773
10234001014_3,0.754155956462518
10264013013_3,0.518710856940713
10264013015_1,0.566775629386816
10273005013_2,0.37519654460576
10273005013_1,0.456061193874686
10273005015_3,1.15973898866975
10294008020_1,2.07951850763818
10303003007_2,0.995499873221139
10303003015_2,0.0881807608599257
10321016015_1,2.77583184200459
10345006011_2,0.807898381735385
10345006014_3,0.785413997483406
10345006015_3,0.10797264669826
10363004013_2,1.60899451926198
10363004015_1,0.857385439495701
10363004015_2,0.956545423877666
10384004007_4,0.317154911674634
10384004012_2,1.84372193729783
10411003013_1,0.879360868288597
10417010015_2,0.357905516050845
10480011013_6,0.832945903198952
10480011014_3,0.206410657985558
10480011014_4,0.306666529398703
10480011015_1,0.686415007103108
10495002001_1,0.190069613237427
10495002009_2,1.94048036897906
10495002009_1,0.148476788213086
10501005015_1,0.580827174928393
10507019010_3,0.104556292269792
10507019012_3,0.050750459884518
10507019012_2,0.219938199117679
10510011003_5,0.190267236749252
10510011003_3,0.105697200971062
10510011003_7,1.02832614627074
10510011003_2,0.449893729044615
10513019002_1,3.40988079223517
10513019002_5,2.18319146225912
10513019006_3,0.083171857260446
10513019011_3,0.254438171216964
10513019011_4,0.602147022717455
10513019011_1,0.198618366513766
10514008008_3,0.0361587236761612
10514008012_4,0.857098261759255
10531024003_4,0.508187102450758
10531024006_1,1.07506416992735
10531024016_4,0.707526796681579
10532026013_2,1.77481429735506
10532026014_3,0.393506473004805
10532026014_1,1.26742476814576
10532026014_2,0.299340694054346
10532026015_3,0.865387116108389
10532026015_2,2.46048104509885
10532026015_1,2.52701848284982
10540013005_2,0.448863023016878
10540013005_4,0.185421841649097
10540013005_1,0.282987789423732
10540013010_4,1.730825366946
10540013010_7,1.73214587230615
10540013017_1,0.37173324521775
10546006003_1,0.898224962146574
10546006008_3,0.135925706193949
10546006013_1,0.604068939184836
10549001002_1,0.225649639078741
10549001010_1,0.705235292096928
10549001010_2,0.566484464103724
10549001010_4,0.13136320909872
10567006013_4,0.872688341873019
10567006013_3,0.0344227809039035
10567006015_2,0.367723733709282
10567006015_5,0.326791683467939
10576005013_2,0.266237559314599
10576005015_2,0.0940661842168014
10576005015_3,0.129974139799372
10579003006_1,0.245856489936803
10579003010_2,0.22643697693658
10579003010_1,0.151956977173791
10603001002_1,1.26412893441331
10603001007_6,1.69646874286892
10603001007_2,0.402349051457635
10603001012_2,0.266613901174954
10603001012_3,0.338225412435427
10603001012_4,0.949547033591238
10606016004_1,2.35339076096306
10606016011_4,0.103578067832605
10606016011_1,0.280389419274207
10606016011_5,0.10661458374205
10612009015_1,1.55640564085928
10615009003_2,0.774962577494874
10615009003_4,0.0907743900228723
10615009006_3,0.205813378166841
10615009006_2,0.657932809539081
10615009016_5,0.174179915884518
10630005014_1,0.581490656914886
10651009003_4,0.1607638154839
10651009003_5,0.210293560362192
10651009003_6,0.272409427023052
10672018001_1,0.675303220598267
10672018009_6,2.13324807546658
10672018009_7,1.99675047095579
10672018009_5,0.544050111847248
10684018012_2,0.567824872560322
10684018014_5,1.16671043026681
10684018014_1,1.41027274795961
10684018014_4,1.06076676940345
10690002002_4,0.178510425551463
10690002007_4,0.219839064225305
10729013003_2,3.78260204133498
10735005013_2,2.09528932909764
10753002002_3,0.149416295487061
10753002007_1,0.323536936593212
10753002011_1,0.340782911917933
10759011002_3,0.0971342385562353
10759011002_4,0.114684090259746
10759011015_2,0.198377411284322
10777005007_2,0.292432250022778
10777005012_3,0.402533588893459
10783015002_2,0.149420542333276
10783015007_3,0.0621250951848721
10786016003_4,0.33380828996531
10786016003_5,0.953679350034843
10786016013_1,0.316224067030444
10786016013_4,0.187293277174435
10786016013_2,0.196667344438471
10807006003_1,1.49506924488459
10807006012_3,0.576936888724222
10807006012_1,0.742866464265216
10828001020_4,3.85445381541944
10831004014_2,3.48050235003621
10831004015_3,2.58168328953187
10831004015_1,1.06813826875771
10843002013_4,3.96733890119459
10843002013_2,3.6795406132287
10843002014_3,0.269977538776751
10861007012_2,3.72157045604494
10861007012_5,3.52057433620292
10861007012_3,2.11056548119823
10894005002_3,0.722262299430177
10894005002_1,2.34282270640693
10894005007_5,0.764257641258767
10897004013_2,2.08927829222706
10897004013_5,0.207589772608655
10897004013_4,0.417921035753115
10897004014_2,2.48486974496483
10897004014_4,2.83158068187772
10897004015_5,0.288534876341206
10897004015_4,0.248515845275322
10909007013_2,0.247733413557389
10909007013_1,2.1602775717387
10909007014_1,0.989576040262678
10909007015_1,2.38302338881896
10927006005_1,0.780657532226213
10927006008_4,0.0912930903002175
10927006008_3,0.0175312518200137
10927006008_2,0.553022688555504
10951007013_3,0.167034869656962
10951007013_4,0.258807400342974
10951007015_2,0.927962860534372
10966003015_2,0.778762924547881
10966003015_1,0.675581400452591
10984004012_3,0.0944505051104816
10984004014_4,0.329495757869643
11017017012_1,1.57382293110257
11017017012_5,0.508694874837596
11020002014_2,3.6536621070885
11020002015_1,6.23817356105888
11029006011_2,2.51891736326101
11029006012_4,1.28321285282263
11029006012_1,0.713672342088737
11029006018_5,1.07867732947373
11047015002_2,1.26789490085086
11047015002_3,0.549994526661435
11047015007_4,1.33566994236567
11047015007_6,0.76064717057776
11047015013_1,1.52538258879639
11047015013_2,2.43201356490216
11065007002_5,4.67487039573252
11065007002_2,3.27149205597153
11065007014_1,1.60637587738688
11077012014_3,0.277728298323143
11077012014_2,0.786114954598241
11083007002_1,1.12359306786098
11083007002_2,0.785606287568704
11083007006_2,0.656677295806165
11083007006_1,0.645698245686375
11083007012_5,0.256242173223563
11083007012_4,0.251313284193331
11092003013_3,0.100293982780779
11092003013_4,0.375067724146491
11092003014_1,1.3769875527999
11092003014_2,0.213198044834177
11092003015_5,0.620284267995203
11095006003_1,2.84916328756759
11095006003_2,0.268073138842048
11095006008_2,1.08725574795547
11095006008_1,6.17372890143284
11095006008_3,0.519342316936116
11134014013_1,0.971076878852309
11134014019_2,1.04184763895842
11137006006_1,1.77220722951283
11137006006_6,0.682745815897742
11137006006_2,0.686397004926483
11137006012_6,0.0681480487152413
11146020014_2,0.554990468356451
11146020014_5,0.792842400680795
11146020015_2,0.984535281748773
11185010002_2,1.01441855997596
11185010002_3,0.284769940900515
11185010007_3,0.427073323760223
11200009014_3,3.61410874656722
11200009014_5,3.01297463344928
11200009014_1,2.19757527337436
11200009015_3,0.413963854596123
11203006003_4,0.702764887003234
11203006017_1,2.24528891134806
11203006017_4,0.808450889090393
11203006017_3,0.531002755343736
11224002013_1,1.75542873491326
11224002014_4,0.187901572283906
11224002014_3,0.084517430006676
11224002015_2,0.964173360354325
11248006012_4,0.444882482514025
11266008013_1,2.72190627822846
11266008013_2,1.62140739707935
11266008014_5,0.932405269265444
11269002003_5,0.0767331961524427
11269002009_4,0.120868934849036
11269002012_5,0.0818869589261615
11269002012_1,0.929508490184096
11281001012_2,0.366597352283775
11281001012_5,0.92285753011608
11302023005_1,3.09193941631895
11302023011_6,1.22347775537249
11302023015_5,5.00524058062124
11302023015_3,0.671898021366232
11314013005_5,1.0887854696858
11314013015_4,0.846291618490075
11329017010_3,0.161821171699593
11329017010_4,0.210700113018451
11329017010_2,0.765346584894319
11329017015_2,1.06622823642362
11329017015_1,0.968441940116856
11332003001_3,0.991172225912248
11332003015_1,3.44643894835417
11332003015_2,2.40087713325397
11338012001_2,0.870767843378142
11338012001_1,0.89982295759663
11338012004_1,2.60373406151414
11350029005_4,0.119852683631436
11359010005_3,0.220343448328173
11359010010_4,0.152930784448343
11359010010_2,1.01814217097947
11359010015_4,0.709562875432881
11359010015_1,2.41631322461459
11365016013_1,3.03359055163083
11365016014_2,2.25296545530872
11383022007_2,1.54242332578209
11383022007_4,0.584534114397498
11383022014_1,3.88753939258831
11386017010_2,1.44028241920727
11386017010_4,0.25278376869096
11395001012_1,0.996632512336432
11395001018_5,0.230729234297335
11401023010_2,1.63042179368364
11401023010_1,1.408129792338
11401023013_3,2.09531417319499
11410034007_1,0.683215781595753
11410034020_2,0.876709762077783
11410034020_1,0.768676235014966
11410034020_3,0.28097253452424
11413018005_1,3.08308715670116
11413018008_5,4.77243685671454
11413018011_4,1.97325650419421
11419016002_1,0.667335780911721
11422021010_3,0.429435524254873
11422021018_1,1.35488305824841
11429015003_4,0.221819066767698
11429015009_4,0.523812724502769
11429015014_2,2.50122452996954
11437002013_2,0.890275472198507
11437002013_1,0.935696450883584
11437002015_2,2.16477095726105
11452008003_2,5.54126707066487
11452008008_2,1.98430104781805
11452008013_1,3.23529811759041
11455010010_3,0.475750949170663
11467002009_4,0.586187731137417
11473019003_1,3.35234271819841
11473019003_2,3.59129432373083
11473019003_3,1.73005949689888
11473019008_2,4.8831538955301
11473019008_3,1.38353895374581
11473019013_5,1.05010847478321
11476003009_2,3.19232538829368
11476003014_1,1.73608000664779
11503005005_1,1.0805167159164
11503005005_2,1.18369806900879
11503005015_2,0.485912899189957
11512005005_2,2.06180187573913
11521009004_2,1.48994674467608
11521009004_1,3.68998463717897
11521009015_3,1.89847738024089
11521009015_2,1.26309571527357
11521009015_1,3.51347981414926
11521009015_4,3.00697710595379
11524006010_2,1.30540720461287
11524006015_4,2.61426161872465
11524006015_2,1.15387997261272
11536013007_5,4.10898638629609
11536013012_1,2.69342572102807
11554007005_2,0.842880164748556
11554007010_1,2.04687920998138
11563016005_6,0.756655223053052
11563016005_1,0.885164650691561
11584018013_1,4.36743585507065
11584018014_3,0.580998466053288
11584018014_1,0.902360399415425
11584018015_5,0.374384241573514
11584018015_7,1.31512405419913
11584018015_2,1.86385237611797
11584018015_4,0.927620074873404
11584018015_3,0.578072226641403
11593015006_3,0.597875479132037
11602014005_3,0.472815842324836
11602014005_4,1.34698018245308
11602014005_5,0.408063418966866
11602014010_1,1.73494611749301
11602014010_2,0.897871503243009
11602014016_2,0.516155541931871
11608009008_1,0.607691930369194
11608009008_3,0.434869581306122
11623002014_4,0.838917576223315
11623002015_4,1.44317361781908
11623002015_2,0.61684309616866
11629002005_2,1.27945650034205
11629002010_1,3.56757421685067
11629002015_2,1.41841496608676
11629002015_5,1.12112716257171
11629002015_1,1.68514866146904
11632008011_1,1.66922093148626
11632008015_4,0.285508859423117
11641005010_3,1.29915788290901
11650009013_4,1.31318462869665
11650009014_2,0.799434552539014
11659012004_4,0.41580025205489
11659012008_1,3.61096994167634
11662019015_1,1.92530177707115
11662019015_2,0.285860079716747
11686009015_1,0.680143323484813
11686009015_6,0.345355924744797
11701011005_2,1.95577436416392
11713015010_6,2.40283907654019
11713015015_2,1.39506932718759
11713015015_1,0.498974822495043
11722008003_1,4.5225319283376
11722008003_3,3.5547961392109
11722008008_2,1.41153564252852
11722008008_3,0.933212339108627
11722008008_4,0.661893615564133
11722008013_4,0.421650817974863
11722008013_3,0.400184712249226
11728008004_2,3.10605563878423
11728008004_4,1.82539236591775
11728008010_2,1.51723731639677
11755015005_3,0.158606969388749
11755015005_1,1.27189647593571
11755015010_2,1.76605731010181
11755015015_2,1.43762591053451
11755015015_5,3.26367695477933
11758001003_4,0.813270611645335
11764009005_2,1.93075387740483
11764009010_3,1.21037453396634
11764009010_4,1.0598995183107
11764009010_2,3.15439434316938
11782002005_2,0.757070262756125
11782002005_6,1.99179447161134
11791016004_2,3.03533644778404
11791016015_3,0.444699644855016
11791016015_1,1.00944933713262
11830006005_2,3.40075803809043
11830006005_1,2.16008054741989
11830006010_3,0.196559097594533
11830006015_5,2.42085680968714
11830006015_7,3.31084415127518
11830006015_3,0.862533429744725
11830006015_6,3.60205598438107
11839013005_1,4.62100354498903
11839013010_2,2.27742172974714
11839013015_1,2.43163955169164
11854009014_2,1.07613764859484
11854009014_3,0.316179565414754
11890010010_2,3.21773490474366
11902013005_1,3.46812065180206
11902013015_2,2.38181127697924
11902013015_3,1.15470136283552
11917020015_2,0.986474119970536
11950005001_3,0.774134819716642
11950005001_1,0.925448857127653
11956014013_4,0.420654101326254
11956014014_2,1.77428687382606
11956014014_1,5.16163334883639
11956014015_4,0.754535720820862
11971007002_1,4.64884260894338
11971007012_1,5.1499785707618
11971007015_2,2.42458076417879
11971007015_5,2.98208660318183
11974006008_5,0.155241627168359
11983009014_1,4.09937116409652
11983009015_3,2.8063484430802
11986032002_1,2.70059733792309
11986032007_1,2.60570728180139
11995002013_3,1.10794483127422
11995002014_3,0.255189092046824
11995002015_2,1.27563584336657
12007017007_1,2.34332354911586
12007017012_3,1.32167319125521
12010005013_3,2.55122577779906
12010005013_5,2.62588020774854
12010005013_6,3.51439422918622
12010005015_5,0.606307000370694
12010005015_1,1.78289788817587
12016014010_4,0.949668893467518
12016014011_5,1.08840992217503
12016014011_4,0.350062246547684
12016014018_2,1.83685495347225
12016014018_4,0.299897575306015
12019018013_5,2.03405167298316
12019018014_2,1.4117131014844
12019018014_1,2.7689564713193
12019018015_1,3.59546610451611
12022031013_3,3.8395824013225
12022031013_2,2.47605219093674
12028009002_2,0.494393765501679
12028009002_1,2.64753356682818
12028009007_2,3.84059295096563
12028009007_4,1.3208730382113
12040020008_2,1.87070627132301
12040020008_3,0.133049034934576
12046010013_4,0.262513510182806
12046010013_3,0.270698925989812
12046010014_3,1.2761769823682
12058003014_4,0.0743616475148622
12058003014_1,0.814418290890013
12058003014_2,0.428603035833708
12058003015_2,1.28061944977116
12061013007_2,0.917134581881785
12061013007_1,0.913781369218998
12061013011_3,0.202505216032608
12061013011_2,0.675860848239354
12061013014_2,1.57063650866343
12073013013_1,0.100355930349687
12073013013_5,0.739973231068865
12073013013_2,0.593824314238468
12073013013_3,0.140507675701345
12073013015_1,2.46696762958213
12079018013_4,0.112713394773131
12079018014_1,0.735369066514966
12079018015_3,0.140856639823844
12079018015_1,1.50725676184632
12088009012_2,4.54957545570875
12088009013_5,0.724092902582564
12088009013_4,0.094910622355416
12088009013_2,0.19747599810581
12088009014_3,0.0952419401822727
12115008013_5,0.946941343551977
12121005014_4,0.285050972104197
12121005014_3,0.122173609126903
12124014007_2,0.593279295001808
12124014007_4,0.205648244794651
12124014012_3,0.0442168626192078
12124014012_1,1.3388899326642
12130005013_1,2.23127896014301
12130005013_3,0.701949200291255
12130005014_2,0.741751846828162
12130005015_2,0.657450047505904
12142002003_3,0.819793237202979
12142002013_1,0.742104800378185
12142002013_3,0.300411635246758
12160009014_9,1.23568686212644
12160009014_8,1.4528916026416
12160009015_5,0.12103097753231
12160009015_3,0.0266775652485018
12169004005_2,0.939500701114783
12169004009_2,1.12195903499656
12169004009_3,0.239279486576096
12178008001_1,1.83755524353559
12178008004_5,1.00416517764037
12181006015_2,2.93720347938022
12208007007_1,0.867687195409163
12208007007_4,0.787119651977035
12208007012_2,0.355992172921246
12211005003_1,0.694458826624372
12211005003_2,0.441384294600941
12211005015_5,0.717199551909489
12223004005_1,1.06585060804198
12223004009_4,0.150264881351099
12223004009_2,0.215771852266026
12229007013_1,2.18604026658682
12229007014_4,0.0704008409164542
12229007014_2,0.670173787968777
12256009014_7,2.08411576394238
12256009014_5,0.876628165527693
12256009015_3,0.511970915476872
12256009015_4,0.993851317724104
12265002013_3,0.417651415759959
12265002013_1,3.60884572971923
12280003013_1,1.00580603876541
12280003014_5,0.241527554676643
12292014028_1,1.5467684630388
12292014029_2,0.315142206347264
12304008013_3,0.0569828265888973
12304008017_1,2.88903205690939
12322014008_1,0.690486644511322
12349007013_1,0.863964549490506
12349007015_1,0.884917490185239
12352001025_2,4.22983963266505
12364001020_5,0.0395627030947747
12364001024_4,0.641209980577071
12382008012_2,0.85654699906173
12382008012_4,0.427284346778379
12388003014_1,2.49037054767086
12388003014_4,1.05707022759295
12388003014_2,2.02784382596297
12388003014_3,1.08064522256275
12409006013_1,1.66760596624905
12409006015_3,0.720649621465044
12409013015_3,0.541625685570704
12421003009_2,1.82807662252052
12421003013_4,0.20427544978034
12421003013_3,0.146844941256392
12421003013_5,1.57351864856316
12448008013_3,0.34136940978077
12448008014_2,1.8200774407781
12448008015_2,2.7076430241002
12451001013_1,2.61470569659413
12451001015_3,4.4267843481553
12452009003_1,2.59630381294714
12452009003_2,2.237711576668
12452009008_5,1.70547967401754
12452009013_1,3.3226082953913
12452009013_6,4.8136358999796
12452009013_4,2.3395084347991
12463006012_3,0.153502295243801
12463006015_4,1.87899819183739
12466004012_2,3.57897671206139
12466004013_5,0.806525343416061
12466004013_7,1.01389994188708
12487004013_2,1.01973156270106
12517005013_2,1.52838245406114
12517005014_1,2.28951975839177
12517005015_2,0.580260986674534
12517005015_1,0.655519155800365
12529009013_1,0.2568228652477
12529009015_3,0.159377486052708
12547004014_3,0.0355166498499585
12547004015_5,0.376302728747248
12547004015_2,0.143446645013011
12550008003_2,0.339866492643198
12550008008_2,0.0937316855707881
12550008013_1,0.215635455734575
12550008013_4,0.119978828002182
12577001013_1,0.462579148197956
12577001015_1,0.882110600935985
12583014007_3,1.29800222043259
12583014007_2,0.396599320548257
12589015012_2,1.12433187012928
12601006013_2,0.188317120107825
12601006014_2,0.168741743224038
12601006015_4,0.434604674321024
12601006015_3,0.119137541603905
12631016013_4,0.615425115142845
12631016013_1,1.6809774317711
12631016013_5,0.28231155462605
12631016013_2,1.38231198905913
12631016013_3,0.203154871676378
12631016015_4,0.1267615178544
12631016015_6,0.509147303395253
12631016015_1,0.586855241875052
12631016015_2,0.530060855959747
12643007013_1,0.528221086198788
12643007014_1,1.98966488001381
12652006008_4,0.217907141681226
12652006012_2,0.696459082713119
12655004015_2,0.682559404395313
12685002013_1,2.25913958002888
12685002013_2,0.865025194933929
12685002015_3,0.85264555659917
12706005003_2,0.673951481702399
12709003013_4,0.212025323891982
12709003013_1,0.657856143702903
12709003014_2,0.617850819305792
12721002014_1,2.37647598906552
12739001013_3,1.15172454613829
12739001014_2,0.512544090856834
12739001014_1,0.7373771091194
12769004013_1,2.75569793652968
12769004015_3,0.557932451789374
12802007014_4,0.135140416509859
12826002003_2,0.415690446277691
12826002003_1,0.69421423509052
12826002008_3,0.109331175840738
12826002013_1,1.41043845156332
12850005013_2,0.766181089951321
12850005014_1,0.278000726906591
12850005015_2,0.640504199309357
12862001007_2,0.473635692684082
12862001007_4,0.198803747585282
12862001015_3,0.590793026115496
12865004014_3,0.0367607004395424
12865004015_1,0.42434600064114
12886002013_3,0.0401906440911982
12886002014_2,0.917908930474466
12910003013_2,0.695278735402934
12910003014_1,1.59102015551336
12925010013_2,1.97000739093618
12925010015_1,0.912293129254036
12949007013_3,0.18412611232511
12949007013_2,0.382771629103086
12949007014_4,0.156741999908393
12949007015_1,0.873237953934437
12988002013_5,0.0983335201097274
12988002015_1,2.50074141779932
13000001002_1,3.57573184739251
13045006014_1,0.97079999516775
13060002013_4,0.774740541347989
13060002014_2,2.14510863708787
13066004012_2,0.459253082578772
13084005014_1,0.494518431696698
13084005014_3,1.13129880387987
13084005015_5,0.241220167542244
13084005015_4,0.341537230040598
13102003011_1,0.950041619565343
13102003011_2,1.0575124383084
13102003011_3,0.575568947386115
13102003014_2,0.810637673683338
13105001013_1,1.38706996954321
13105001014_1,4.0825722976401
13105001015_1,2.48046067712363
13108009003_1,2.07027268563929
13108009008_2,0.210389346966709
13126003013_2,3.52525134657628
13126003013_3,2.01882321273265
13126003013_4,2.6083303233448
13126003014_1,3.10807039110887
13144001014_1,2.09085004602099
13171003015_4,0.353090561614219
13183005013_2,0.469033871359152
13183005013_3,0.0677708105617398
13183005014_3,0.0694542138956043
13192008014_3,0.281287793715116
13192008015_4,0.333724997000135
13201008014_2,0.447757333027507
13201008014_1,0.2634524891964
13201008015_3,0.150416785893413
13222006013_4,0.615744191674016
13222006013_1,0.0915112922670491
13222006014_1,1.24074661673865
13222006015_1,0.33179066718622
13225008013_2,0.709689937863953
13225008014_3,0.0468396956184101
13225008015_1,0.292127732716876
13225008015_5,0.617423256345773
13225008015_4,0.117860591512098
13237001013_2,0.508455263365673
13237001013_4,0.0613265837921907
13237001014_2,0.424222305864229
13237001014_3,0.128112712834418
13237001015_1,1.01793987467305
13249007014_2,1.07064925401143
13249007014_1,1.16558361670687
13255013007_1,3.78798067289691
13255013011_5,2.63791892706482
13255013014_1,1.54130822200729
13270008013_1,1.31751385436114
13270008014_2,0.146561169656583
13282008013_1,1.06161562018082
13282008015_1,0.740423272818706
13285010014_1,0.377281752003258
13285010014_2,0.227741319321433
13291023001_3,0.14306052802911
13291023008_3,0.247648184922867
13291023008_2,0.648037483893776
13291023014_3,0.577592258795465
13306001011_4,0.222945278353047
13306001011_1,1.83009122215485
13318019013_1,1.06421371511715
13321006007_2,1.05560778850333
13324001012_5,0.351901433493595
13324001018_1,2.710180774086
13327009011_2,0.418859324291079
13330010003_2,2.00470290990236
13330010008_1,1.06214680045744
13330010008_2,1.0302973254703
13330010008_3,0.195179493186329
13342011005_2,0.502530634478875
13342011015_4,0.750644255090575
13348014019_3,0.885108654178035
13354012014_1,0.547831956227116
13354012015_4,0.342992821421393
13357002017_1,1.13120917162744
13357002019_2,0.622587567857172
13357002019_3,0.332060078609324
13357002019_1,0.646301734520779
13372007013_3,0.18563422144648
13372007014_1,0.577490376864111
13372007015_1,1.93127630243471
13390015008_1,0.577915575688009
13399001001_1,1.81510320092041
13399001007_6,0.483215318902559
13399001012_2,0.514164118933
13420011002_2,0.36938508688718
13420011007_1,2.72940507513562
13426003004_1,2.07328082633003
13426003014_4,0.141649412396655
13426003014_1,0.693059634050536
13432006013_1,0.457513836460336
13432006014_1,0.256725378382249
13432006014_2,0.388735273481617
13447009002_3,0.775572972726206
13447009002_5,0.528425559213266
13447009002_4,0.944652534620079
13447009002_1,2.61980635529749
13447009015_2,0.847533570622533
13456005013_1,0.235180158128462
13456005013_3,0.208251910707832
13456005016_3,0.263009653652075
13483003013_2,1.5517172494672
13483003014_2,0.430293631026179
13483003014_4,0.142876283910557
13483003015_1,0.253415907613657
13489002001_1,1.04218851110824
13489002010_5,0.245867360248651
13489002010_3,0.140266131836267
13489002010_2,0.509049945850366
13498008013_2,1.52681743896032
13498008015_5,0.252717036743404
13522003013_3,0.0326175561699674
13522003013_2,0.154863156989316
13528006015_1,1.1787423273617
13531008029_1,0.968029533866941
13561012013_4,0.0611125983895991
13561012013_3,2.98846208527535
13561012015_2,0.303987142527216
13570008030_2,0.544005520874283
13582005006_2,0.244480809828951
13597007002_2,0.392426475866938
13597007015_2,0.468170354571201
13612010014_4,0.924455086047271
13621003017_3,0.0713935597107705
13621003024_2,0.313162141368612
13621003030_4,0.178194668347593
13627019012_5,0.165469417408387
13627019013_4,0.20183505576483
13627019013_3,0.0734976487039345
13627019013_2,0.494878599704388
13633006002_3,0.0873070519969715
13645002014_1,0.900606334390856
13645002014_5,3.64458284044723
13657003013_1,0.279557400843928
13657003016_4,0.123304249261981
13669013013_3,0.26869363864783
13669013013_4,3.96027692671602
13669013015_3,0.0411147805517204
13669013015_2,1.31768872036608
13684009002_2,1.83532054054551
13687012013_2,0.185743461510243
13687012014_2,0.366857596847696
13693009002_1,0.606738873507803
13693009014_6,0.226167229019279
13696007003_4,0.0643407126724619
13696007003_1,0.158045476899614
13696007008_4,1.76076176809705
13696007008_3,0.408955636184846
13702017013_4,0.393487334137475
13702017015_2,0.702699215122566
13717007013_3,0.205625121796982
13717007013_5,0.50041043087738
13717007013_4,0.272392017945654
13717007014_1,2.64320314877047
13726006015_4,0.6077845436256
13741010013_1,1.32573870399122
13741010013_2,1.66060024195597
13741010015_3,0.246115948323619
13759006013_2,1.48488394775048
13759006015_2,0.325412527624215
13759006015_4,0.315948761498128
13765010004_1,2.11235484523431
13765010014_2,0.504722962926012
13774003015_2,1.2303012622984
13780016013_4,0.203364278059474
13795003014_4,2.33189047816969
13795003015_7,2.49657784937853
13795003015_4,3.03957926022067
13795003015_6,2.51772416770963
13810011015_7,2.21211587085592
13810011015_2,1.9877952802942
13825003013_1,2.42565020365912
13825003013_2,1.08242895537225
13825003014_3,0.408864215564686
13852008002_3,2.36062148696441
13861023013_1,2.69284980664127
13861023014_1,1.31635442168768
13870017013_3,0.556671783194138
13870017014_2,1.57275080526843
13870017015_2,2.40707046105203
13870017015_3,1.71662994783527
13879024013_1,2.25656159797187
13879024014_1,1.91109458962828
13879024015_3,0.550556473051075
13888014012_2,3.43766515684895
13909005012_2,1.11123639872739
13909005013_3,0.463429192456592
13909005013_2,1.03378316647824
13909005014_3,0.0805613782121863
13918003013_4,0.151605741282261
13918003013_1,0.502357817758501
13918003016_1,3.15340377562083
13963001003_1,4.02972522053946
13963001003_2,4.08379003325392
13963001013_1,1.35755506669621
13966008014_4,0.523229991100138
13966008014_1,1.12554242879998
13978008015_4,1.78381474253094
13981002012_3,0.0607059351195245
13981002017_1,1.57176520407582
13990017002_2,2.78183603776451
13990017002_1,2.75906763095622
13990017007_4,0.443010122652803
13990017007_3,0.147524709322123
13990017014_5,0.134076879680622
13990017014_2,0.176537302559292
14005024010_2,0.917611574672707
14005024016_1,0.90503382541731
14014023014_2,2.00677547716094
14014023014_3,0.99324314325281
14014023015_2,0.637158700709439
14017009013_2,3.21636873718043
14017009013_1,3.38545324664354
14026002003_3,0.124017999894823
14026002013_1,3.58824784666777
14044003001_3,0.201322417271658
14044003005_3,1.0155406612453
14044003005_6,2.22262860514995
14059004014_5,2.77851817925158
14062002013_2,0.569549066774394
14062002015_2,0.189753793780344
14080003003_1,3.2627931299908
14080003008_1,2.67606320846905
14080003013_4,0.698997363533159
14080003013_2,0.548228420096742
14080003013_3,0.302154241472239
14098002013_2,1.10387148863638
14110015013_1,2.7137290969179
14110015014_2,0.22134563296232
14125022008_3,0.311190759758511
14125022008_2,0.421582123746098
14125022012_2,0.603692085961609
14125022012_1,2.05223903743927
14134006028_3,0.169590522363946
14134006028_5,0.668772188026731
14134006029_1,0.38202121624162
14143004014_1,2.37824867973185
14149001014_1,1.95008273030488
14149001014_3,0.079645682888645
14149001015_2,0.23753932192841
14149001015_7,0.0673808252079474
14158008012_2,0.61337356670105
14158008017_1,3.65685253710619
14158008017_2,3.97642254406253
14206010015_1,3.4479128586892
14218013016_1,2.06006195953935
14227006018_1,1.46735863149207
14227006019_2,0.758466449627734
14230009006_1,0.818453921662461
14242008011_3,0.597047487177836
14242008011_2,0.823950226885408
14242008011_1,0.620381374186915
14251008013_2,0.504220553247116
14251008013_1,1.42665849378503
14251008013_3,0.750928553623578
14251008015_2,0.53839790175035
14260026013_2,0.406275042789839
14260026015_3,0.553013128805392
14260026015_2,0.357294125193767
14281007003_3,1.56154664474475
14290007013_3,0.215911066304783
14290007015_2,1.61747669239715
14290007015_1,2.47831040691821
14299007013_1,2.12248644865278
14299007014_2,0.708940259808001
14311009015_1,0.622393897074697
14311009015_2,0.530220446682205
14320007013_2,0.182293616986462
14323009014_2,3.82585473228092
14323009019_3,0.244440412339422
14323009019_1,2.28247439502091
14338005004_4,0.793550217286745
14338005010_1,0.780498385226295
14338005014_2,1.87356948940827
14344009002_1,0.84009378117443
14344009002_2,0.39856745273678
14344009010_1,0.86141380809624
14344009016_2,0.29998990777804
14344009016_4,0.207561591223702
14353004014_5,2.32620520446582
14353004014_1,3.96186305520714
14353004014_6,3.31435066377105
14380009003_3,0.228222877218453
14395015015_4,2.24636465716587
14407004016_1,2.31611062434688
14419014011_1,1.9032335632911
14425001017_1,1.3966292923599
14437013012_2,4.88666415568698
14437013012_1,5.39413694089707
14437013016_3,0.761544026538578
14437013016_4,0.8285046070906
14452004002_1,3.31038696817867
14452004008_2,1.50760084208308
14452004017_3,0.590237523423293
14452004017_2,1.3921037328478
14455009003_2,3.57193967071933
14464009003_1,5.10076973040384
14464009008_1,0.786167032580736
14464009013_5,4.40421627984049
14464009013_4,2.5854551670999
14476014006_3,3.31958045972412
14476014006_4,3.01466135903253
14488009014_3,4.02157458528839
14488009015_1,4.86246408433346
14488009015_2,5.56550286590495
14524004004_5,0.242644905754378
14524004004_3,0.41650294473875
14524004011_1,0.354442407267027
14530005004_2,0.822803004831624
14530005013_2,1.36828507504256
14536010005_3,1.1949768963106
14542010002_3,0.371567008822874
14542010007_4,0.407037902807485
14560006011_2,3.25447999644823
14560006011_1,2.28124312196361
14560006017_6,2.03890793268404
14569011003_2,2.36764603091634
14572006005_2,0.885562519189573
14572006010_3,0.709788449530202
14593012008_1,4.66647827044837
14593012013_1,6.05323221382309
14596014002_1,2.10166714416998
14596014007_5,0.513608101394151
14608018014_2,0.712593461859139
14608018015_2,0.809439669896392
14608018015_6,0.487359700564551
14608018015_7,0.446185088540737
14611006005_1,3.88061925775908
14611006010_2,5.89512744473127
14611006015_1,3.29864200079919
14614007006_1,1.01935172568389
14614007015_2,5.21900140606357
14614007015_5,4.01995747695205
14623006013_1,1.12667523222849
14641001012_4,1.65898359228713
14647012005_1,4.03449361312345
14647012010_3,4.85869639924233
14647012013_2,1.23833609122989
14647012013_4,0.632489032487129
14656015013_2,1.06106713876549
14659005005_2,0.327619664436844
14659005015_4,0.216949975607384
14659005015_3,0.191387211367231
14662011003_4,0.229504206037774
14662011008_5,0.0627382642616918
14662011008_3,0.0685728125127434
14662011008_2,0.487332616535489
14683003014_5,0.470557763788374
14683003014_4,0.174955210514439
14692003008_1,1.85975443391753
14692003012_2,0.215968944955359
14692003012_4,0.41757128513266
14695003005_3,1.35323301818384
14695003005_2,3.69427314343072
14695003009_1,0.854098248279912
14695003014_1,0.842124071318525
14701003011_4,3.46614612039073
14701003011_3,2.70046140665864
14701003011_2,4.72376330362134
14701003015_2,6.14408439994869
14710011012_4,3.51672177279546
14710011012_2,2.4709135781162
14710011012_1,3.6820954564584
14725019008_3,0.28553690360819
14725019008_1,1.65752759931668
14731006010_3,2.76592417888519
14743001015_2,2.33486267591297
14743001015_1,2.82540929268344
14758027002_3,0.363204612826463
14758027002_1,2.96472103328961
14758027005_5,3.77036794949482
14758027005_2,1.98038259635496
14767006003_3,0.126130742152319
14767006013_2,0.866770043176144
14767006013_3,0.136784017910964
14779015007_5,0.307116976900474
14779015007_3,0.862293356040284
14779015013_4,0.789779629794949
14779015013_3,0.165962613017064
14794013009_3,0.366284185342804
14815009008_1,2.82825079039514
14815009008_3,0.392912416654939
14827004011_2,0.644682262979474
14833009003_1,1.33915438757348
14833009008_1,1.27179256811091
14833009013_2,3.24629781744456
14851003003_1,1.09755010155977
14851003003_3,0.210144045088935
14851003008_1,0.508079037869984
14851003008_4,0.212281471810676
14851003008_2,0.515630062833856
14851003013_4,0.185512928507602
14869003003_6,0.289640729165239
14869003008_1,0.508257784756576
14869003013_4,0.137806809758775
14887001008_2,1.75032869043472
14887001013_5,0.410495207476393
14905001008_6,0.371646315028439
14905001013_2,0.368564777872296
14950009008_2,0.330190802224548
14950009013_4,0.483714763182745
15016007013_1,0.533245394221504
15016007013_5,0.542670209316182
15016007014_5,0.228682603535687
15016007014_2,0.630027779606581
15055010003_3,1.44181260760119
15055010013_2,0.212184107947039
15085009003_3,0.439303670077617
15085009008_2,0.853640423892426
15085009008_5,0.462008768628798
15085009008_1,0.945813955056422
15100006001_2,0.408148720007876
15100006008_2,0.229761877789418
15100006008_3,0.291840770774466
15100006013_1,0.797180288675817
15136014013_5,0.646104454457899
15136014014_4,0.674195853194887
15136014014_3,3.51821686146705
15163001003_2,0.960564298276216
15163001013_3,0.924599975059086
15199009003_3,4.02091713987582
15199009008_6,0.475591915113718
15199009008_8,1.34433904978212
15199009013_5,0.336753273567089
15199009013_4,0.186393568168507
15199009013_7,0.310501335273511
15241008011_4,3.77538649830216
15241008014_2,1.01000379476913
15241008014_1,1.10383797572173
15247001013_1,0.776708564202682
15247001014_3,0.399149700718884
15331004014_2,0.8672372296723
15346005013_2,0.485022470107736
15346005014_1,2.02102769267749
15346005015_4,0.154106605727056
15346005015_5,0.41700546576916
15346005015_3,0.227840172455496
15352010012_2,0.408005915140236
15352010015_5,0.149355026778503
15412017003_6,1.56616040448005
15412017003_2,1.50555101073596
15412017008_3,0.0574461122950404
15412017013_3,0.0901032471585832
15433003004_2,0.210357445118358
15433003008_3,0.0463929338474533
15433003014_2,0.100675834241605
15454005014_1,0.179538380464859
15463001014_1,0.315901227202574
15463001014_2,0.414719832063603
15463001015_1,0.240596073085479
15487003012_4,0.181321297281103
15487003012_6,0.144207451503636
15487003012_3,0.0843823282528456
15493005007_2,0.377081907946159
15493005012_2,0.0350258042530245
15520004008_1,1.20578369187117
15541005013_4,2.23394886847862
15541005013_2,2.2119555695253
15556003007_1,1.18256606919036
15556003012_1,3.26512769499694
15559011013_5,1.70182396568072
15559011014_1,1.14718870707896
15589003003_2,0.596614660073368
15589003008_2,0.28593474529478
15589003008_5,0.201365652569014
15631005003_6,0.710545061146128
15631005008_1,0.141718343290205
15655001003_4,2.68421399516676
15655001003_9,0.938991581613883
15655001016_5,0.217785419638816
15682003002_4,0.186646846976191
15682003007_2,4.23569042056494
15682003012_1,1.0201949948292
15682003012_4,0.231665432721139
15688005001_2,1.11762992598273
15688005001_5,0.208623950727362
15688005001_1,1.23604558376906
15688005009_3,0.167059291189802
15688005009_1,1.31200235113803
15727002003_2,1.9588715614419
15727002008_2,0.731826368224902
15748002003_1,1.5045893997558
15775010013_4,0.0957928425876787
15775010014_4,0.136107535115439
15802003007_4,0.196431387197572
15802003007_9,0.252474518710126
15802003007_5,0.765613855382435
15802003007_7,3.17618025569364
15802003012_3,0.312713516732211
15820004003_6,0.166637894486165
15820004003_2,0.708650368292681
15820004013_1,0.086582886163325
15844005003_3,0.148955211635779
15844005003_2,0.38288780215555
15859003008_4,0.350859314595066
15859003013_1,0.597407391393009
15859003013_3,0.210033585682857
15859003013_2,0.796291478902254
15859003013_4,0.278828534304991
15886006013_1,1.8241610116864
15886006013_4,0.10660816155544
15886006015_1,0.92866593882304
15904005002_1,1.22335267281308
15904005002_2,0.735720959121626
15979002003_2,0.458097462794493
15979002003_3,0.385472481889988
15979002008_1,2.48743381414855
15979002013_4,1.04509474439584
16000013002_1,0.424978909290176
16000013007_5,1.94293724205515
16000013007_1,0.783961652411883
16000013012_1,0.806496847083434
16024004002_1,1.15961015839304
16024004012_1,1.56561024756246
16063001007_1,0.447654103558995
16078009003_1,0.50190361943852
16090014013_3,0.646556642529794
16090014014_4,0.668708351496618
16090014014_2,0.41880424726767
16123002001_1,3.26677560181561
16123002004_3,0.551196858856125
16123002004_2,1.77967353664835
16123002014_2,4.08813581641041
16147002003_4,2.94547256878093
16147002008_1,3.32115642253277
16162005003_3,1.67606172615977
16162005013_1,2.01932297093979
16195003013_2,0.728613878116257
16195003015_5,1.67659167240428
16195003015_2,0.589950401746406
16195003015_1,0.5586384773133
16270002003_3,0.781096173963917
16279001004_1,2.56756186676511
16279001014_1,1.97898520634616
16297003003_1,0.995431795412734
16318009007_1,2.71772443900756
16327002013_2,2.60353636491505
16375001003_4,0.484470767899489
16375001012_2,3.91831422292747
16375001012_3,1.2041413663282
16378010003_1,1.64104399627912
16378010003_2,1.19050983132966
16378010012_4,0.274457197007143
16378010012_6,0.613705704221084
16378010012_3,0.182289317510519
16379008001_4,1.80458830910535
16379008009_1,4.54816290147864
16402003003_2,3.89760869805166
16402003013_2,0.741711842035256
16432008003_2,0.575654646827596
16432008008_2,1.08107114020873
16432008013_1,2.0392958805332
16444017013_2,0.73463975975522
16444017013_1,0.721383015555271
16444017014_1,1.07270283450051
16444017015_1,0.708865446822581
16495007003_8,0.0573584662347598
16495007003_11,0.658277590958836
16495007003_9,0.458824341330864
16495007003_12,0.625421730845983
16495007013_4,0.85068566749698
16495007013_2,1.10993979211772
16540014003_5,0.640488551242394
16540014013_1,0.925478296619074
16540014013_7,0.26789840688234
16540014013_5,0.372091892521537
16543014008_3,0.463413377004969
16543014013_2,0.637388336311402
16558012004_5,0.572569023802837
16558012004_6,0.943072672220852
16558012008_2,1.4317941541748
16585006007_1,0.506924219817456
16585006007_5,0.391290058392408
16585006011_4,0.368703223704857
16585006011_5,0.508785723884306
16603012008_3,0.450491614297966
16603012008_4,0.3459448509312
16603012013_2,2.55432186002713
16621004003_3,1.53338135010155
16621004003_2,1.99036899874761
16621004008_2,1.00337720914272
16621004008_3,0.679435143885137
16633019005_4,0.0749991475318611
16633019005_5,0.0346014531479193
16648020004_2,1.97769209297705
16648020009_6,1.37185793344744
16648020009_1,0.831968019575847
16648020014_1,0.737784575561321
16663006019_3,1.84651270916426
16672019012_3,3.92550338070538
16675036015_3,1.63091649900361
16687018006_4,2.32718624730317
16687018015_2,4.78339201282198
16699006004_2,1.98584310545031
16699006004_3,2.3616335878499
16699006009_2,1.18703010602364
16699006014_2,4.53204772830405
16702002015_3,0.144615497637611
16705017011_3,0.154579785578533
16705017011_5,0.196153082011318
16705017011_2,0.577754716245672
16705017012_1,1.5991880683094
16705017012_2,1.38116594203991
16705017013_1,2.75927656593781
16708042008_4,0.613217109318963
16708042013_5,0.482218872184941
16708042013_1,0.215192869265252
16714033013_5,0.306488177554008
16714033014_3,0.414744198722117
16714033014_2,2.12137521695329
16714033014_1,2.70497342458261
16714033015_3,1.49587722116089
16714033015_4,2.88999054987783
16729009013_2,3.3314972589146
16729009014_4,0.480139716530691
16729009014_3,0.2453519934564
16738004013_3,0.200790745828897
16738004015_6,0.17528808853181
16738004015_3,0.0889230934306372
16741010015_4,0.0914403504915489
16741010015_3,0.0959455591547649
16747011013_1,1.69411132329515
16747011014_3,0.687328597069449
16747011015_2,1.8602422180279
16771012015_5,0.966405214457956
16771012015_8,0.195857061614809
16771012015_7,0.231729828885413
16798007013_4,0.746691370003075
16798007013_1,2.22776304726535
16798007015_1,1.45592139853655
16816004002_2,2.35036424614791
16900006014_1,1.14938389224773
16900006015_4,0.235288707682717
16904002009_4,0.188923861478679
16904002009_3,0.198908552378679
16904002014_3,0.501945815927757
16927006014_2,0.512639965880519
16927006014_3,0.247850043823653
16927006015_2,1.25170472656786
16927006015_6,0.550659547858489
16927006015_4,0.553978322733361
16942022002_3,0.295787847935804
16942022002_1,0.701162924880128
16942022011_1,1.28067136990136
16942022014_3,0.806933490983239
17003002010_4,0.09292266619634
17003002012_2,0.402497782591717
17032001013_3,1.21592170527867
17032001013_5,1.40940193149133
17059008013_4,0.161548255294962
17059008013_2,0.521284924149227
17059008015_1,0.871153174815122
17092009007_4,0.231058039933539
17092009007_2,0.494266438289811
17092009012_2,0.254392277667354
17110008013_3,0.420811501637688
17110008013_2,0.982047611497741
17110008015_3,1.26966658205958
17131013007_5,0.35636071381268
17131013011_4,0.339469199527055
17131013011_6,0.0850568804712068
17131013014_5,0.0573033378078807
17134020011_5,1.87144437572699
17134020011_4,0.858897476550827
17143017013_1,0.865597521298458
17143017013_2,0.769282772985019
17143017014_3,0.32233078732823
17143017015_1,3.411474890797
17143017015_3,0.758264649096302
17146007015_5,0.322490167168492
17158017001_4,0.178356835689048
17158017006_1,0.859003991369782
17170011015_1,1.44179360885825
17212002013_4,0.584040961190797
17212002013_2,4.22120143898866
17212002013_1,0.772856844476479
17212002014_5,1.66365059275631
17233006007_5,0.540167077648752
17233006007_4,0.588306996632623
17233006007_2,0.958813075339853
17233006007_3,0.15195309050036
17233006012_4,0.535458392439754
17305012014_1,0.670465240734434
17305012015_1,3.22795367313371
17325003014_2,1.52150115253247
17325003015_1,1.00062011080441
17350011011_1,1.30588375721722
17350011011_2,1.24227148810396
17350011019_1,0.665015756086869
17350011019_2,0.842526766235139
17377012007_1,1.79052997161666
17395002013_5,0.194101537744818
17395002013_2,0.672944422822255
17395002013_1,0.726574796358669
17395002014_2,1.58253218272528
17395002015_1,0.476392259537907
17395002015_4,0.697578850806317
17395002015_3,0.321907664535153
17422011013_5,0.0526225349607197
17422011013_6,0.0667686376120595
17446001015_6,0.0574859342387784
17476016014_2,0.861252788079133
17494004012_1,1.08582952990679
17494004014_1,3.82377618701496
17524008002_3,0.96977297460816
17524008002_4,0.976265422351298
17524008002_6,0.743428473097702
17524008007_2,2.17198885007816
17524008007_1,2.16179330303993
17527011013_4,0.765065586543089
17527011015_7,0.412962616914918
17527011015_6,0.531127843958792
17539019013_2,1.33796642328584
17539019013_9,0.488900901154338
17539019013_1,1.24201138219314
17539019015_4,1.17573129653292
17554009002_2,1.41197916722585
17554009002_4,0.473167921506702
17554009002_3,0.424452733723711
17557008013_1,1.02839178608014
17557008013_2,0.961883469662849
17557008014_1,2.28746578834727
17557008015_2,0.815947975339974
17593008013_4,1.50592856431875
17593008014_1,4.93499529562841
17593008015_2,1.23088887923887
17593008015_4,0.59866541341923
17593008015_6,1.03349961632058
17599008007_1,2.26014613222084
17599008007_2,2.05942352854417
17611008012_1,2.3141108864065
17611008013_1,2.60989980366468
17611008014_1,0.558794332188763
17635008013_1,0.372177859145864
17635008014_4,0.247535493994359
17653008008_1,0.7291940583774
17689012013_4,0.154737031136172
17692014008_1,0.571104694178123
17692014013_1,1.04411183903162
17710009018_1,0.48253612669301
17710009019_3,0.0782814205182821
17716006002_4,0.479388130864109
17716006002_2,0.940940371608175
17770006013_4,0.204379852966263
17770006013_1,2.00736506938313
17770006014_1,1.49165600615399
17797001012_5,0.442997539825427
17797001012_2,0.729253020464481
17797001013_1,1.72459360864986
17797001014_2,2.65809054763485
17800004013_3,0.443763583191293
17857010012_2,2.18403840718481
17857010012_4,1.07492567112569
17878004013_1,2.89893594241002
17878004014_1,1.67545783251061
17878004014_3,4.0608242790571
17878004015_2,3.28764566727166
17881010005_6,0.707813295065617
17881010015_4,0.372371836696705
17914004013_1,0.797029263000292
17914004013_5,0.0773233385632241
17914004013_3,0.100692789206262
17914004013_6,0.102524228309312
17938009012_5,0.118524736048297
17938009012_3,0.0808687449005199
17968005013_1,1.83990958328713
17968005015_3,0.0756426896219906
17971013013_3,0.391861871517178
17971013014_1,0.487254384213597
17971013014_4,0.0727406426008426
17971013014_5,0.389735843773814
17971013015_2,0.489508836976408
18016016007_2,0.0857523816881826
18016016015_5,0.434855641399659
18028005015_2,3.42317981924678
18058004013_3,0.414112352361139
18058004013_4,1.31813136708122
18058004015_2,2.51592087421893
18064003013_3,0.146280339958152
18064003013_2,0.162296635798343
18082006002_2,0.261279190307294
18082006002_6,0.356342543973625
18082006002_1,1.9152925802908
18082006012_3,0.0439114556314137
18082006012_2,0.272146609556314
18085003008_2,0.531589271426461
18085003012_1,2.71449426208719
18094005013_2,2.32329531179006
18094005013_3,0.983630903453444
18094005014_2,0.241420954710195
18094005015_3,0.0839507391760439
18112001013_3,0.258175560208766
18112001014_3,0.459146098192399
18112001014_1,0.982194941992405
18118007015_1,1.94114406644054
18121005006_1,0.746299894535858
18121005006_3,0.122558744144475
18121005011_1,0.748015087867635
18121005015_5,0.364803535572853
18121005015_2,0.860276292194541
18121005015_6,0.213854273808608
18130005002_3,0.619156034749697
18178006013_1,1.35815590608135
18178006014_2,0.621910073497001
18178006015_2,0.244088424018491
18178006015_1,0.153802599487111
18184002013_2,0.571857401666255
18193006003_4,0.347008376248169
18193006003_2,1.08211984461286
18223004013_1,1.30718705758827
18223004014_5,0.69622635559927
18223004015_3,1.55472738835726
18253002014_2,2.07253600999583
18274006001_4,1.22772536594342
18274006011_1,0.795027784741774
18277001012_1,0.229277215047161
18277001012_2,0.234352043829903
18277003013_1,0.752805664384584
18277003013_3,0.214280980908695
18277003013_4,0.387402984265812
18307003013_1,0.426862267902997
18307003013_2,0.552315352229456
18316004013_2,1.14992127941607
18340004013_3,0.405646902223606
18340004014_2,1.92673762379227
18340004014_1,2.51982924163147
18340004015_3,1.5298552568011
18352005001_2,0.718767056727709
18352005001_1,0.85439113827939
18352005006_6,2.58268916399475
18352005006_2,1.25093995027703
18352005011_1,0.714496705809183
18370008007_2,0.809136198535217
18370008012_4,0.134730805803964
18379006015_2,1.22991014787191
18403014002_1,0.56746360623741
18403014007_4,1.30674378201274
18403014007_1,1.80235882225144
18403014012_2,0.339582595008417
18436006013_1,0.661742496724123
18436006014_1,4.51062121705797
18436006015_1,0.806777671849838
18481007014_3,2.79540091786556
18487005001_1,5.12267645123429
18493003013_3,0.0950635425673221
18493003014_5,0.346348372746216
18493003014_4,0.134168897323503
18505006013_3,0.692373133077839
18550004007_4,0.179308396649359
18550004015_1,3.04065140143649
18556002014_5,0.13487446902162
18556002014_3,0.119853887479686
18556002014_1,0.822691898026564
18556002014_2,0.694183277498636
18556002015_1,0.810075319170248
18568001003_1,0.828866037206245
18568001008_2,0.153040269782803
18568001008_4,0.459318823741708
18568001013_5,0.159614941381574
18580014012_2,1.38780329001726
18580014013_5,0.70200132925514
18580014013_4,0.494497223455334
18580014014_2,0.804726245257008
18580014014_4,0.519796653761768
18580014014_3,0.116503553262458
18592009013_3,0.0580698678932674
18592009014_6,0.483357282822286
18592009014_2,0.653452299199677
18598005002_1,2.29453337041395
18598005007_3,0.196021840559801
18598005007_1,0.960308999744651
18598005007_2,0.185299154215
18598005014_3,0.129419860407107
18598005014_1,0.704853795255404
18640005008_2,1.60037587164258
18640005008_3,0.398405791948718
18640005008_1,2.4216864278021
18640005013_1,1.46082437350309
18640005013_5,0.530604778108433
18652012002_4,0.151614632424742
18652012012_4,1.11394818738851
18676013003_1,1.88845740875722
18676013003_2,1.16612893659627
18676013008_2,0.112412384310246
18679006014_3,0.621288571938591
18679006015_2,0.219739499582925
18679006015_1,1.3071293317567
18712007012_4,1.17425535989994
18712007012_2,2.32740814443906
18724001013_1,1.31740184934861
18736007013_4,0.477117799132694
18736007015_2,0.671854994657287
18736007015_4,0.534767577899918
18736007015_3,0.319537562383315
18754012015_1,0.959460412306583
18769002015_2,0.343677989788741
18778007012_3,0.706884547107249
18778007013_4,0.381989406424727
18778007013_3,0.20800956240285
18778007014_2,2.82783589542797
18799002015_1,0.626239944958895
18799002015_4,0.661564648673751
18832006014_4,2.27154715106155
18832006014_2,4.56682309975452
18832006015_3,0.262432883431508
18835003002_1,1.28545898701621
18835003007_2,0.644712033317748
18835003012_1,0.468949772311114
18859025013_1,4.18593819811058
18859025014_2,0.550485167151637
18859025014_3,0.157471659571262
18859025014_4,0.33211668758768
18865015015_4,0.290574803989021
18871009001_4,0.772620879827148
18871009001_2,0.317647741301812
18874006010_1,1.04821275114074
18874006015_2,0.207182381281715
18886001013_2,0.480245011513727
18886001013_3,0.264001048218265
18886001014_5,0.113254775922127
18886001014_6,0.09879992160087
18886001014_1,1.05559911572532
18886001014_4,0.280783350196352
18886001015_6,0.109315392427904
18886001015_1,0.900949816413941
18889005004_1,1.05256251640942
18889005009_3,0.0239029412104817
18889005014_2,0.100765183261674
18892010013_2,1.21961714972387
18892010015_4,0.194495459992906
18934008003_1,0.104110021125687
18934008008_5,0.425122846524513
18934008008_1,0.369000771714258
18934008014_2,0.291738140332197
18934008014_3,0.104302139847138
18943003009_2,1.23182355696277
18943003009_3,1.62399238884793
18943003014_2,1.81373919152777
18943003014_3,0.273539691301818
18958009011_1,0.570258220718221
18985002003_1,2.33364839323856
18985002003_5,2.59156728595436
18985002012_2,0.794057881073577
18997017007_3,0.0701293988060532
18997017012_1,0.335421124254623
18997017012_4,0.0720698100510172
19009006013_5,1.1911226151457
19009006015_6,0.254348560698996
19009006015_2,0.397423481485395
19012011013_2,0.494862959067743
19012011013_1,0.286584936341445
19012011014_2,0.496715003089144
19012011015_1,0.671354739495467
19012011015_3,1.50154611395988
19012011015_2,1.03537301111818
19015002002_2,0.73724409417163
19015002007_3,0.356170964297177
19021020013_3,0.823195975243034
19021020015_4,0.704188232109225
19021020015_6,0.435914602482525
19024009002_1,2.47712008258693
19024009002_2,0.951649197040363
19024009015_1,0.695213817134085
19024009015_4,0.464522362854109
19051003007_1,0.287595272930487
19051003012_6,0.247195377481007
19051004003_2,0.532990166279314
19051004008_4,0.192359718803374
19051004008_1,0.687178347249468
19051004013_1,0.798429199683456
19066006008_6,0.547750468531835
19066006008_10,0.246495254308304
19066006008_1,0.514913235369045
19066006013_4,0.468131460195499
19078007003_4,0.249161530811762
19078007003_1,0.10311992123621
19078007013_3,0.399039618076682
19078007013_6,0.297122367109401
19078007013_4,0.384065654771716
19093005002_4,0.122954643334861
19093005007_4,0.298611327479552
19093005011_6,0.66266751211812
19093005011_1,0.249143719488329
19105004013_3,0.117643851936931
19114016015_1,1.80091270934127
19114016015_6,0.929970911931525
19114016015_2,1.42408334084044
19114016015_4,0.684085896398599
19117001006_1,0.102766271189071
19147014013_3,0.0530082932830178
19147014015_5,0.191729018679331
19147014015_1,0.169258273388694
19153002013_4,0.171865949888882
19159009013_2,0.176093283321876
19159009015_3,0.0895553281776467
19171008001_2,0.498334639042535
19171008001_4,0.166385594277122
19171008008_2,1.27585875980794
19195005013_2,0.588415390349791
19195005015_6,0.642289344099687
19198007007_2,3.85592660888536
19213003002_1,0.151693395763247
19213003007_1,2.59078296340993
19213003007_2,0.712665839749104
19213003012_2,0.356959355342514
19213003012_5,0.425589784276943
19243007001_1,0.642627278252935
19243007006_3,0.313488418595408
19255007014_3,2.65779752585509
19255007014_2,1.04424890662896
19255007014_1,1.01428723162796
19255007015_6,1.45362565834369
19258010013_1,0.138014032998655
19258010014_3,0.113447076771733
19294012005_2,0.308960095533437
19294012010_1,0.421807247856833
19294012010_3,0.290945724761107
19294012010_2,0.348927071472053
19303011008_3,3.40510329971801
19330005002_1,1.43281237256066
19330005007_2,1.24853003745449
19330005014_3,3.04759849459944
19333001003_1,0.436015042120411
19333001003_5,0.379299395428354
19333001003_2,0.650286832753255
19336013013_2,1.59466790170566
19336013015_4,0.442390693283563
19339003006_1,4.07455399440358
19339003006_2,2.62413616803056
19339003014_1,0.308593402797882
19348009011_2,4.93746189011638
19348009018_2,0.38945643759313
19354010003_3,0.442817248899635
19354010008_3,0.344031030625663
19354010008_2,0.48219429383596
19354010008_4,0.433869693593679
19354010013_1,2.93526857688164
19363012012_4,4.3112941908039
19363012012_2,4.05819173769431
19363012015_1,2.47084298364191
19363012015_2,2.86066221155396
19366001013_1,3.76523978564187
19366001015_1,1.42156670293548
19375009013_2,1.17639245441866
19402012012_1,4.24522156497098
19402012017_2,2.61940564154749
19402012018_2,2.06636064070947
19402012018_4,0.833308412901084
19402012018_3,1.05884807758414
19441016014_1,0.54009652507669
19441016015_2,0.386463136910496
19441016015_5,0.153733273312561
19441016015_4,0.145663801932884
19447002002_3,0.179788439623766
19447002002_4,0.224453158245948
19480001013_3,0.255212679112376
19496004007_2,1.36310803021285
19496004012_4,2.23358733794822
19496004012_1,3.52091364948905
19501004015_1,1.12644874103423
19504002007_8,3.41519074178601
19504002007_7,2.12774174559785
19504002007_2,2.62538014102175
19504002007_4,0.62181423252937
19504002012_3,2.66532905872049
19519004022_7,3.5121189746847
19552005013_3,0.185064381766272
19552005014_3,2.52352319474854
19579005014_1,0.43891215552837
19579005014_2,0.50102851896866
19579005015_1,0.451365879404688
19603006002_1,4.18380120354007
19606001015_3,0.56900780759004
19621012013_3,2.18040580386272
19621012014_1,1.34861667054023
19621012015_4,0.352554031835962
19621012015_5,0.638363748470032
19624003014_1,4.81053842285593
19624003015_2,0.506625693248358
19624003015_4,0.717578947365567
19633007006_1,3.12473919780801
19633007006_3,1.34895297934094
19633007011_4,0.302502663320696
19636008013_1,1.96151285609251
19636008013_2,3.15042965527234
19636008013_4,1.6593911187098
19636008014_2,2.11092640456363
19636008015_5,0.29542836097217
19636008015_3,0.231781231716899
19636008015_1,0.372372672759437
19648007003_1,5.23985872973784
19648007006_4,2.24692196944962
19648007011_1,4.59116938956394
19669006013_4,2.56493233284392
19669006015_3,0.308119106886377
19669006015_1,1.34397345950277
19678009007_2,0.841346396418915
19684003013_2,3.39832672921987
19684003014_4,0.679493055193725
19684003015_1,1.01019137675491
19699006008_2,2.33841430467722
19699006008_1,2.32347979027483
19699006013_6,0.554663969963864
19699006013_2,1.94871117769117
19699006013_3,2.79869464685606
19705005002_2,0.29112327155729
19726004013_2,0.528891466026204
19726004015_2,0.473934996395636
19726004015_6,0.237564885893268
19738004012_1,0.245676783581905
19738004012_4,0.199624605396276
19738004014_2,0.484111436515633
19738004014_3,0.169013224334974
19750003003_4,0.105981647175411
19750003013_3,0.0663333815687406
19750003013_2,0.23401277861536
19750008008_4,0.242443418781978
19750008008_1,0.183642624417894
19753002008_4,0.244163517604889
19753002013_3,0.751938801088732
19753002013_4,0.396280019603373
19753002013_2,0.640873274799696
19756007003_1,0.508482918404469
19756007008_5,0.117319117457268
19756007008_2,0.264557069002045
19762003005_8,1.68738811791378
19762003005_3,1.04075406141634
19762003005_7,1.49205489731346
19762003005_4,0.887681899471126
19762003010_1,1.22755034368196
19768005013_4,0.516842322537198
19768005014_1,1.48948699362859
19768005015_4,1.24465145980696
19768005015_3,1.19666789051855
19780019001_1,3.29405545950541
19780019011_1,2.27058726545398
19780019011_2,2.63083023432272
19789012008_1,1.83815511326641
19789012008_4,1.2129070694693
19789012013_5,1.42035749374606
19789012013_2,1.25039843670191
19792012012_1,0.312784762634285
19792012014_2,0.455768791758212
19795006014_6,2.23700400173655
19801016012_2,0.434697830913527
19801016012_4,0.48268066132383
19801016012_1,0.378268401685118
19803012006_1,0.319444015611596
19810011003_3,0.379313093802161
19810011003_1,0.278596968905526
19815019013_1,0.373594231235298
19816001015_3,0.0281432749822312
19822002013_8,0.708743184960168
19822002013_7,0.418500636689104
19822002013_5,0.275937597029968
19822002013_3,0.866778023368197
19837011006_3,0.095237727051183
19837011006_2,0.487341250626296
19837011011_1,0.470199197718869
19837011011_3,0.0634349331736309
19837011011_5,0.192822920952335
19843006002_2,0.691909683119881
19843006007_1,1.01192384708279
19843006007_3,0.361880524601199
19843006007_2,0.989542571588354
19843006007_4,0.326356778996508
19873001002_4,0.179515151263965
19873001002_2,0.800968194312606
19873001012_2,1.7107654319237
19876008013_3,2.32085455920594
19876008014_2,1.81147627208897
19876008014_3,0.471693013848748
19888001012_3,0.179605013238085
19888001012_4,0.345990857184084
19897008004_1,1.42319633507707
19915010013_5,0.381234143931026
19915010013_4,0.445138763082601
19915010013_2,1.0147298749085
19915010017_6,0.949244269389452
19915010017_4,0.416186365904682
19921009002_3,0.955585757699304
19921009007_2,0.55478984468503
19921009011_5,2.29931262433767
19921009011_1,1.67080021687964
19927006002_4,0.308930143900591
19927006004_1,1.24383574822376
19927006004_5,0.619667536912157
19933003010_2,0.56425073197792
19933003015_5,0.145049449539387
19942015002_6,2.98630784730335
19942015002_2,4.15294979560626
19942015002_4,2.84619953243872
19942015002_3,2.85277289428476
19942015007_5,0.803302261704524
19942015007_6,1.59216865694697
19942015012_1,1.09313877190628
19942015012_5,0.559836758503639
19945010012_5,1.30966150942701
19945010012_1,0.695740756723449
19951005012_4,0.342632503554739
19951005012_1,1.22248055667155
19951005012_2,1.11136542763408
19951005015_5,1.63914403331369
19999009010_4,0.503628704090118
20005017001_1,2.32424386200537
20005017006_1,0.500629645181346
20005017011_3,0.0859994554530165
20011009002_3,0.78713594183746
20011009007_2,1.61898283419347
20011009015_1,0.70793987824497
20011009015_2,0.591462540295233
20014011003_5,0.0419731418150348
20014011007_3,0.258109059064088
20014011007_1,0.321353079946202
20014011012_4,0.146600035577678
20020008014_1,3.57527008749211
20044003004_4,0.0538689543891669
20044003009_3,0.524353473679561
20044003014_4,0.444814448432546
20110018014_6,0.000814959934287984
20110018014_8,0.355396121718403
20116009005_4,0.153104185544736
20116009010_5,0.462601440159949
20128007004_6,0.967459161991398
20128007004_7,1.94090400916225
20128007009_2,0.393146310622774
20128007009_3,0.131864323921191
20128007014_2,0.788776813188863
20128007014_3,0.0988059970658679
20137001014_1,2.95988357382589
20137001014_4,0.770745398250055
20155003014_3,1.18356448080559
20164001010_4,0.509838982658346
20164001010_3,0.518101086252421
20164001010_1,0.843520283777187
20194002003_1,1.92174427459887
20194002003_3,1.96999514580949
20194002008_2,0.585037377165579
20194002008_1,2.13396458552984
20194002013_2,1.84499358050235
20194002013_4,0.80848488934489
20195044014_3,1.7251148507269
20197036013_1,1.04531877170598
20197036014_1,1.3779562308632
20197036014_3,1.42603197670064
20197036016_3,0.914329181339413
20198063013_3,1.90769232784042
20198063013_4,3.70864113096638
20198063014_2,1.7645272517433
20198063015_3,1.45822661427723
20198063015_1,1.52897678814446
20200036014_1,2.8418411280536
20203005003_8,3.0385934600864
20203005003_13,1.88022039760839
20203005003_7,0.163844964073765
20203005008_3,0.293511708518034
20203005012_1,3.58488241059149
20206005007_1,4.28726753500905
20206005012_4,1.0846029363276
20206005012_5,1.51999578506867
20206005012_3,0.808970086696175
20207010013_4,2.1051487704791
20207010013_3,2.48514591370785
20207010015_6,0.408682901895476
20207010015_3,2.84266358709229
20209023011_1,4.09917441940456
20209023012_2,0.445423812181917
20209023013_3,0.462432422887716
20215031014_3,0.424762146283837
20215031016_4,0.386226482287662
20215031016_2,1.06832257975979
20218007003_3,1.3065495307943
20218007008_1,2.18441845709066
20218007008_3,0.468955213547002
20218007013_7,0.720319777590701
20218007013_1,1.41558500742437
20218007013_4,0.89624707484941
20218007013_6,0.139969045544973
20221021003_3,0.239148800724778
20221021003_1,1.06083773917871
20221021003_2,0.49471054883193
20224038013_1,1.06631481063792
20224038014_3,0.996105947286467
20224038015_4,3.09275619458824
20225035012_7,0.851361366830515
20225035012_8,1.17084797930387
20225035012_1,0.803690000370196
20225035013_3,0.2472284124174
20225035014_3,0.339822229626799
20225035014_1,1.24615616579764
20227001007_5,4.87271271120735
20227001012_5,0.36902650448281
20227001012_4,0.241052354729464
20230003012_3,3.67155627036572
20230003012_6,4.84831585898332
20233002004_1,5.4391122915361
20233002004_2,2.51908778319095
20233002009_4,0.391494770602013
20233002015_2,5.64778846980342
20236015007_6,3.75930849295066
20236015007_1,4.73334653744237
20242011014_1,4.12733058649001
20242011014_2,4.73551058179508
20245003013_1,5.64768747543739
20246016014_3,3.7037119569394
20246016014_5,3.73976710869044
20246016015_2,1.98057165819839
20254014003_2,3.52087818500555
20254014007_1,3.40836230054025
20258019013_4,1.6369229520332
20258019015_1,4.33519767507275
20260005014_2,1.5846322642883
20263018013_4,0.709072988154805
20263018014_1,1.49666144359683
20263018015_2,1.53627147545743
20266008013_3,3.82974217457618
20272035013_2,1.18969981624954
20272035014_6,5.08601977287917
20278009013_2,0.38635898970209
20278009013_4,0.178035432075746
20278009014_2,3.39613477781053
20278009015_4,0.692981028739113
20284011022_3,0.610071941727787
20285006007_3,0.679431714187657
20285006012_1,0.502244396642319
20290001011_3,0.516736184916526
20290001012_2,0.653938744699143
20290001012_1,2.80338118584849
20302012013_1,2.22029871029995
20302012014_3,0.47156303530871
20302012015_1,0.722630669974507
20305001015_1,1.09923812919483
20305001015_3,1.064690054371
20308004002_2,0.0960850490618962
20308004002_3,0.337157353977132
20308004007_2,1.7657835029799
20311007015_3,0.135852195742673
20312015012_4,0.201094202065662
20312015012_1,0.809771342264558
20312015014_1,0.828416835967325
20314058007_3,0.226790014011584
20314058007_4,0.452492026468293
20323012013_4,0.188584775866437
20323012013_1,1.38734864638817
20323012014_1,1.07258847413537
20326029013_4,0.557834120520026
20326029014_2,3.53234267360247
20326029015_7,1.58470160601214
20326029015_2,1.29131273010768
20326029015_6,1.48884076648185
20329015004_7,0.972234019219382
20329015009_2,1.94240381140842
20344010013_1,3.41323548565755
20344010014_3,0.575067963049702
20344010015_1,2.98151360818643
20350014001_2,2.02184962295837
20350014006_4,0.263404376253108
20350014012_2,0.12908007024916
20350014012_1,1.94940570112632
20356011003_2,1.72125041172562
20356011008_1,2.55672962748663
20359007002_3,0.0503902368912734
20359007002_2,0.537016074308193
20359007007_2,3.57178823940051
20359007007_3,1.04533352202819
20359007015_5,0.476417744844776
20359007015_2,0.730986300928071
20371006011_1,2.59081777456113
20371006014_6,0.227901006458409
20371006014_4,0.0913069837007724
20374006004_4,2.70821706501642
20374006004_1,3.76294272953964
20374006010_1,1.30502202142146
20375009001_7,1.72785853318548
20386004014_1,4.03192965018695
20386004015_2,4.27664939756158
20389003013_1,1.21460310814979
20389003014_4,0.434647075270789
20389003014_5,0.377493180901016
20389003015_1,1.89767132342354
20428005002_6,2.66655179696256
20428005002_1,2.08900731432057
20428005014_3,0.115482189955758
20428005014_4,0.644146216323569
20434004009_1,5.37113793436519
20434004015_2,3.57241366424047
20434004015_4,1.24953001813057
20458007012_2,1.312790898563
20458007012_4,0.613927561314266
20488005004_4,3.01777353897792
20488005010_1,0.566923459694594
20488005010_2,0.654534274513309
20488005010_4,0.703220723542943
20488005015_2,1.16831064814697
20527008014_2,1.50650267002641
20527008015_3,2.00770448685921
20536004007_5,0.370327223817146
20536004011_4,0.205562671507796
20536004011_2,1.18530909599045
20536004014_2,0.620540033262989
20542012014_1,3.15416405873489
20542012014_3,3.88685825068273
20561005013_1,2.71888562509097
20561005014_3,0.95592077805704
20563029006_1,3.83301242124402
20563029011_1,3.98858469752088
20569009005_2,5.47265676334769
20578010010_2,1.80461741592812
20578010010_1,1.67510783228507
20578010015_4,0.32374258670811
20580009007_5,2.08468422236514
20581021002_1,1.34864252859973
20581021007_1,1.87449143831909
20581021012_4,1.71332911173865
20581021012_1,2.75905812598785
20581021012_2,3.1904164462501
20581021012_10,2.92770523404768
20584005003_1,3.06548340082737
20584005012_1,1.94689531729622
20584005012_2,1.4692700642404
20584005015_5,4.78160399552777
20584005015_3,2.36649536529628
20611005005_1,5.50181099005803
20611005005_2,5.23608162437258
20611005005_4,3.76324421356769
20611005008_3,3.06425868865984
20611005008_7,3.84067293513684
20611005013_2,0.924212006881766
20620017013_2,4.77897794594512
20620017014_2,4.71922288522956
20620017015_3,1.53546985528628
20623001007_3,0.94557853954495
20623001012_4,4.14309947686159
20623001012_3,2.85222925515831
20632001014_1,4.68282321455785
20632001014_2,4.34548249414528
20632001015_4,1.07906570194854
20650019007_5,1.77533339009884
20656010016_1,0.55852521687326
20665010003_1,2.81453992399991
20665010012_1,1.55215547883751
20683016002_2,1.47773940659878
20683016006_3,1.9250572756419
20683016011_1,0.800747651935684
20702002013_3,0.651464629242939
20702002013_1,1.24199879964396
20702002014_1,2.16901850129114
20702002014_5,1.79007669419038
20702002015_1,3.69097457780959
20722013001_2,4.87141130047213
20722013013_1,0.728800653619538
20770005014_1,1.17289117912019
20770005015_3,3.79517488707299
20791015003_4,1.15649534205984
20791015003_3,1.14121457001625
20791015008_7,2.47057469769313
20797012005_3,1.00817163819271
20797012013_5,2.4863893166191
20797012014_1,3.29796620415979
20809008013_2,5.59736016900471
20809008014_3,2.16211164174376
20809008014_1,2.9154203515482
20809008015_1,2.21477070091402
20812013003_2,1.62741883080487
20812013003_3,0.275682937228356
20812013008_3,4.1882707630083
20812013008_5,4.7119366174255
20812013008_4,4.20979828643546
20812013013_3,0.279552554753056
20830010013_4,0.51028217439172
20830010013_2,1.14543087331844
20830010014_1,3.67159696424931
20830010015_2,1.55875493510687
20842006006_2,3.39086958978704
20851012013_6,0.48893486426664
20851012014_1,3.89764292770382
20851012015_5,1.06310636155263
20887015009_10,0.268255265463716
20887015009_5,0.190699356993967
20887015013_1,0.882540051048695
20899006003_2,0.99073122996337
20899006014_3,2.70215134222304
20917010013_4,1.10560538015433
20956001009_3,2.95595680657847
20983001015_5,2.86784018458662
20983001015_1,4.23313938869856
20989008013_2,3.19997069470979
20989008014_1,1.69406644322697
20989008014_2,1.68591609964708
20989008015_2,1.91498565598675
20998019007_1,1.95280620422848
20998019012_1,2.33470590751336
21007008003_4,0.863415545975492
21007008003_2,4.54466144824111
21007008003_5,1.01928697583496
21007008013_3,0.556492780215681
21007008013_1,0.679504077621695
21007008013_2,1.18296900782335
21016017013_2,1.31565733446781
21016017015_2,3.33181119678687
21016017015_3,1.33258869682828
21019023014_2,3.08615299601182
21019023015_2,0.494193519588479
21019023019_1,0.88928538485533
21019023019_2,0.517949834290567
21022004003_1,0.932128184525555
21022004013_1,1.35873245485773
21031001002_2,3.96566676166056
21031001002_1,4.22274381190038
21031001015_1,2.39933522018273
21040018014_3,0.00591158465390526
21046007014_6,0.736226886319205
21046007015_2,0.325624713275203
21046013004_1,2.48753601973971
21052016014_1,1.13406416749515
21052016015_1,0.55550321484768
21082014013_3,2.60527012805654
21082014015_3,1.06556351233683
21082014015_2,4.42065491568516
21088004007_6,0.650586261057443
21088004007_7,2.09208221915186
21100002012_1,4.049218979676
21100002013_3,2.5644254745095
21100002014_1,1.14786397093768
21100002014_2,0.15270559290126
21112010003_3,2.40762911368518
21112010003_8,2.5055752834529
21112010013_1,4.77888836902101
21112010013_5,5.60202490211803
21157004008_6,0.0561485095010856
21157004013_4,0.111028057908852
21181012013_1,1.42129108230121
21181012013_5,0.272531738324382
21181012014_2,0.239653272457636
21181012014_4,0.0784290039016489
21181012015_3,4.44349946558373
21199014013_1,0.269136923469917
21199014015_3,0.0674819368529768
21199014015_1,0.0853668420428101
21202007013_1,0.352975112369516
21205003008_1,2.90207701200216
21205003013_2,0.988532727589254
21211020012_4,0.180078168900352
21211020012_1,0.728071941402992
21211020015_6,0.697264459105964
21214003014_2,0.716148024722752
21217009002_4,0.219437216949804
21217009007_4,0.170122066469412
21217009012_3,0.422547361501941
21217009012_2,0.893795017152036
21241010013_5,2.16155904370919
21241010014_1,2.90522486477409
21244007003_2,1.21702238009706
21244007008_2,1.04885933789352
21244007008_4,1.80735893819585
21250024013_3,4.73823468405534
21253001015_1,1.88671926800919
21253001015_3,2.01899906929699
21268022012_1,0.842009031327629
21283013014_1,2.40114238537965
21286004003_2,4.79292354292333
21286004008_1,1.6006217693463
21286004008_4,0.56366394666602
21286004012_2,1.24623352163697
21289009004_4,1.94942600798068
21289009004_3,1.18545272520537
21289009014_2,1.53488666891927
21295017014_1,0.853311479147356
21295017016_1,3.88007225160332
21340005003_3,0.1530242947936
21340005008_2,0.434267036914752
21340005008_1,0.421769346269369
21355002013_3,0.738183614113916
21355002013_5,3.59633467639068
21355002015_2,1.5335501169995
21358004004_2,2.17363192537662
21358004010_5,0.897696923207032
21358004014_1,2.05212510127261
21373006012_2,2.35632389084022
21373006013_4,0.178717300276227
21373006014_2,1.38996574116536
21373006014_4,1.11829788338278
21379020003_6,1.84822301744277
21379020003_1,2.20241858087859
21379020007_1,1.59350702212005
21379020012_2,1.32472716157241
21409008013_2,4.37815231825337
21415004013_2,2.10150857893174
21415004014_4,2.68234085468645
21415004014_1,0.678290195742726
21415004015_1,1.0001598591597
21415004015_3,0.415280894455881
21439006003_4,0.515241904304453
21439006003_2,2.0291422832079
21439006012_3,1.97453870423791
21439006012_2,1.86462950848456
21442014015_1,1.64454014600988
21445015013_2,3.83769466580379
21475001015_4,0.81478939424215
21475001015_5,1.14923950422687
21478023012_1,1.55755812962407
21478023015_1,0.544134320133032
21478023015_2,0.884680439421679
21490013014_2,0.783823599943092
21490013014_3,0.412133336264154
21523017003_4,3.74974242566625
21523017007_1,0.54512779096606
21523017012_2,0.779700795219961
21553001015_1,0.32478514832768
21556066028_4,0.134912711200643
21556066028_2,0.462148218830512
21556066029_4,0.0854546617949542
21556066030_4,0.233912236339799
21562020028_4,0.0840201565677704
21562020029_2,0.574382995118262
21562020030_2,0.844882743770083
21565014007_1,2.96440803223185
21565014007_2,1.33300899744876
21574017015_2,0.264365787939027
21574017015_1,0.354408833264104
21577034011_4,3.57528165062704
21577034011_2,0.861498886025099
21577034011_5,0.780706000674937
21580005014_4,0.130302226121372
21580005014_2,0.274713753106531
21580005015_2,0.277276795978069
21592026014_1,0.723606737713144
21592026015_3,0.0612719645829666
21598010007_1,0.23087173360256
21598010012_1,2.88328491300902
21628012007_3,0.177266636454661
21628012012_1,2.26152281990868
21637015013_1,1.39766848733218
21637015014_1,0.703598007244662
21637015014_2,0.328068537105768
21643016013_4,0.162478424598049
21643016014_3,1.18061529576119
21643016014_2,2.05881170668415
21643016015_2,0.682695047992632
21652001014_3,0.288411826116833
21652001014_4,1.20692711314788
21652001014_1,2.68887607651267
21658004029_2,1.11334210449844
21658004029_4,0.27014894594596
21676010014_1,1.95012663908585
21676010014_2,1.68448299965259
21676010014_6,0.419395896329651
21676010015_3,1.47896156611517
21685019015_1,2.04524864604222
21685019015_4,2.28466596635345
21688004002_1,0.777926962626451
21688004012_5,0.778935970035828
21712012012_3,0.0849564053180243
21712012013_5,0.853821434045578
21712012013_4,0.0460270699378439
21712012014_3,0.0601905065034451
21715004014_3,0.0741509816690964
21715004014_1,0.571095236801575
21727013015_3,0.039972365331846
21730006005_1,1.38651053835419
21730006005_2,1.0876326096059
21730006014_2,1.79741797203988
21730006014_1,1.34007554357062
21742017028_5,2.01066515401065
21742017028_6,2.16557943216514
21742017028_1,3.80225822733508
21742017029_1,0.375878794164338
21742017029_6,0.532228258854676
21745006013_2,0.913625133340808
21748011004_4,2.16681129549945
21748011013_6,0.187088031600897
21748011013_5,0.294766555873285
21766002013_1,3.17888951327428
21766002013_4,0.278306941998276
21766002014_3,0.147428044119114
21766002015_1,0.407795712285037
21772012013_4,0.276497875434941
21772012013_1,1.61578754773802
21772012013_7,0.0363287712708298
21772012014_4,0.130766085918923
21772012015_1,0.432812987073445
21784004013_1,3.21522228991983
21784004014_3,0.420768389405835
21784004015_7,1.05620336721639
21804007003_3,0.587886948493072
21804007008_4,0.468965766773269
21804007013_4,0.885252888749253
21811011011_3,1.49180832549833
21820003013_3,3.26478268293735
21820003014_1,1.29435775454143
21829008014_1,4.54206483147761
21829008015_1,4.74027684981301
21844001013_1,2.62543528147304
21844001013_4,1.30349132667977
21844001015_4,1.1310215584409
21844001015_5,0.499446080089873
21853008014_1,4.25121647908723
21853008014_2,4.37394649824603
21868009003_1,2.29296392376698
21868009003_2,1.2178389983922
21868009008_3,3.03841474829672
21868009013_1,4.06993600852518
21871015013_1,2.29450254881728
21871015014_5,3.38378982911424
21877021013_2,1.40565511841667
21877021013_5,0.412559539959236
21877021013_6,0.452112983145037
21877021015_2,2.05609350323052
21877021015_1,2.29183633710138
21880003013_3,0.788511955320314
21880003013_2,2.96638324039172
21880003014_2,1.12412754542431
21898009006_3,0.490393341921871
21898009014_2,5.38099782732453
21901015013_1,1.57983552579123
21901015013_8,0.314910166132353
21901015015_5,0.0687429923498923
21901015015_3,0.0615088561490162
21901015015_4,0.158825256767892
21910007012_1,2.98225375445801
21910007013_3,0.129718462368
21910007014_1,0.269541792095492
21919018013_1,0.465335551666056
21919018015_1,2.8064880993734
21922008013_1,1.39131537695833
21922008014_6,0.197401474482784
21934012013_1,0.618115126555633
21934012013_2,0.303942630141293
21934012013_5,0.13984455209499
21934012015_1,0.327349758369572
21949009012_2,0.648934053051706
21952009007_8,1.40220588591953
21955019002_2,1.52755062428501
21955019002_1,2.16043744423561
21955019014_1,2.49265510241415
21967014011_5,1.06405077204551
21967014011_4,1.02930627208618
21967014013_1,0.435611096759134
21970034011_3,0.115334898255074
21970034011_5,3.06127215246321
21985005003_1,5.06164543578106
21985005013_2,0.439328689597581
21985005013_4,0.222854013669372
21988013013_6,0.17530743517925
21988013013_1,1.0011095261967
21988013013_4,0.329864782348065
21988013014_1,0.840905330930316
21988013014_3,0.533646723885134
21988013014_2,1.2867858397059
21988013014_4,0.523079651904957
21994001002_1,0.234063640007956
21994001007_3,0.0798604537950445
21994001007_4,0.21081570449528
22006010013_1,0.819875416383784
22006010013_3,0.339216570163258
22006010014_3,0.157307062088233
22006010015_3,0.433865104466469
22018002003_5,4.14943744051302
22018002003_2,2.29235288039237
22018002003_4,2.69746903978529
22018002003_3,3.32143068317768
22018002008_4,0.272737079602749
22018002008_6,0.282632159566979
22018002019_1,2.92757872007448
22021011013_2,5.16641853491073
22021011014_1,0.629728194830436
22021011015_2,2.85949804074148
22021011015_3,1.00048696063502
22024025013_2,1.64949254546418
22024025014_4,0.307742324313382
22024025015_3,0.472733236988554
22024025015_2,0.431623127914784
22039008002_2,3.54932126231288
22039008007_1,0.683971735831887
22039008013_1,1.79810562166872
22041006005_4,1.829391968971
22041006005_7,2.24546113196687
22041006015_2,0.418775167051767
22041006015_4,0.385157692434805
22042003002_1,1.2653760607163
22045014012_1,4.17746220710553
22045014013_2,3.2171553121948
22045014014_1,1.03793155804261
22048005008_3,0.1827684674587
22048005013_5,0.212754129348935
22051002013_1,1.35218363615151
22051002013_4,0.201423662191324
22051002014_2,0.0849878490380998
22060011008_2,0.830894609481841
22060011008_1,0.687395615222749
22069009010_2,0.500548994121804
22069009015_1,1.32357061545571
22084001003_1,3.96632722138144
22084001012_1,0.578547105355383
22084001015_2,1.65224722251303
22084013014_1,0.597954178775576
22084013015_2,2.6549775296213
22084013015_4,2.1215402753756
22084013015_1,3.48117652603388
22084013019_1,1.33720279663476
22111024014_2,0.956332604574008
22120028015_1,3.5919120771755
22126012015_2,0.983445355515195
22141006009_2,1.15263949859411
22141006009_3,0.331458616535762
22150003009_4,0.518071200780842
22150003014_2,3.99855073582524
22153025009_2,0.201343170462943
22162014012_1,0.787526142312531
22162014012_2,0.44358727137986
22177008012_10,0.441469410317165
22177008017_1,3.00179590033131
22177008017_3,2.5680308786076
22207008012_3,0.245882244411378
22207008013_1,0.441603799382936
22219007001_1,0.866107781566288
22219007001_4,0.236568757127096
22219007007_3,0.488303735415682
22219007007_2,1.6960863253577
22219007013_1,1.01605534604468
22222006003_4,0.146794760794095
22222006003_1,0.260031651849536
22222006008_3,0.334901142583698
22234001012_4,0.514068789159229
22234001013_2,0.741093511726291
22234001014_2,3.53637800310798
22261039002_3,0.810703710180962
22261039002_2,1.80784381267518
22267015013_4,0.944117349263237
22267015018_3,2.58425563681676
22273013003_2,0.10160368965823
22273013008_1,0.50967979983954
22282006002_2,1.04480294218415
22282006006_1,1.80913278118802
22285021005_1,2.36158280601747
22294020013_3,0.0403327976956755
22294020015_2,1.78140317618727
22294020019_4,0.106494540537843
22294020019_3,0.09853644050394
22294020019_1,0.725006315486401
22300003001_2,0.696999881662592
22300003005_3,0.656076625149376
22300003010_5,0.512874572951432
22303003001_2,1.05041916568236
22303003007_3,2.97546294045981
22303003007_2,3.44325086440534
22315038010_5,0.853941108420933
22315038015_6,1.48261325332263
22319002013_3,1.2594589333602
22319002013_1,3.89527014999028
22319002014_3,4.69334144380823
22319002014_2,4.94123917733527
22319002015_3,0.432378953280314
22321001002_3,0.478480101711871
22324021003_2,4.1626385466999
22324021003_1,3.80424572000353
22324021009_2,5.59242642983699
22324021015_2,0.872496759397801
22327020008_4,2.11796311605743
22327020013_4,1.10698246396145
22330013013_3,0.475615284606088
22330013013_6,0.0459160660799537
22333003002_2,0.181976825981794
22333003002_1,0.348994090008258
22333003002_3,0.773764728132241
22333003015_1,1.23229905584704
22333003015_2,0.930098255886462
22336022012_1,0.264786932874058
22336022012_2,0.20047927968208
22345006014_4,0.104621336229826
22354006013_2,0.0876698502006695
22354006014_2,0.30613803861576
22354006015_5,0.182156097006427
22354006015_2,0.318958053133794
22354006015_3,0.0970993781905381
22357002003_1,0.260092483755552
22357002003_3,0.12118950370424
22357002008_1,0.775125566969756
22357002008_2,0.401849517183727
22357002013_2,0.164371529204912
22357002013_1,0.196889666636935
22360006013_4,0.102874102699098
22360006013_2,0.125017521636512
22360006015_1,1.52296850542507
22360006015_3,0.117470957923416
22360006015_2,0.81879576762797
22369016012_1,0.326756646758162
22375025002_6,0.0658591858899943
22375025002_7,0.0519749659050174
22375025014_1,0.366540875291513
22375025014_3,0.106225067392307
22378023014_1,0.478462918676759
22381014013_3,0.193943927452014
22381014013_2,0.390056415552126
22381014015_3,0.166763380541034
22381014015_2,0.539983466618149
22384026013_2,0.500582711553498
22384026013_3,0.119259104735532
22387020002_5,0.700283922321605
22387020012_3,0.0330435577844645
22387020012_1,1.13938968599994
22387020012_2,1.01001622585414
22387020012_4,0.110311801394602
22387020015_3,0.16660015286143
22390021013_2,0.198636169453254
22390021014_3,0.105884637785707
22390021014_1,0.207046844984001
22393003007_6,0.660804668572246
22393003007_5,0.0363459538969791
22393003007_3,0.025775180944248
22393003015_4,0.0694620033146813
22393003015_2,0.160807177221112
22393003015_1,0.115422025058111
22399021013_4,0.0356242652385593
22399021014_1,1.11824260737
22399021015_5,0.0532661989668504
22402006003_1,1.31407040148801
22402006008_3,0.361398257142886
22402006008_1,2.07891092647062
22405017013_2,3.29720788377825
22405017015_2,2.60779832906419
22405037015_1,4.35767612485759
22411015002_1,5.0469079699226
22411015012_4,0.749244445498209
22426013013_4,0.942806412414757
22426013013_5,1.02217188024904
22426013013_3,0.724958294730873
22426013014_4,0.885398050384132
22426013015_2,1.19921646432822
22426013015_3,1.26414918573239
22438019015_3,1.24235847600549
22441006003_1,1.41460821914145
22441006003_2,0.944055971506011
22441006013_2,0.64205082490505
22441006013_4,0.41340588161733
22453009014_1,2.04065486258533
22474013008_3,0.366606953298609
22474013008_1,1.24270862822573
22474013013_1,1.26165197816005
22489028012_1,4.82395150291853
22501009013_2,2.5139132500345
22501009014_1,1.40741554424994
22501009015_2,2.99205338479482
22504007008_3,0.214991756659448
22504007008_1,0.905838210031204
22504007013_1,1.57422920443363
22504007013_4,0.964047016266378
22510018015_1,0.413150186130724
22528008003_3,0.0311303917634683
22528008003_4,0.0524318758305521
22528008013_2,1.11825333830611
22540022008_2,0.561338526035221
22540022012_3,0.105387813850326
22552010013_1,0.971767005852635
22552010014_3,0.120207106552361
22552010014_4,0.122625167812441
22552010014_5,0.891773099974866
22564003014_5,0.0553198102986309
22570002013_2,1.38694711669195
22597005004_4,0.685099923905344
22600001007_1,2.14322109066202
22600001012_2,1.133163070144
22603001013_1,0.670227259155404
22603001013_2,0.464493409463008
22603001014_1,2.27132998107673
22609006014_7,0.104270011827123
22609006015_4,0.222281626447017
22609006015_3,0.136804762198435
22642001015_2,0.327508567452057
22672006004_2,0.620860367398133
22672006008_1,0.796939574259947
22684003013_5,0.111881913503669
22684003015_3,0.456990814750314
22684003015_1,1.12711598873651
22696004013_3,0.382765013769846
22702017013_3,0.329680244445876
22738022015_1,2.05066853522619
22741043010_3,0.922410322901408
22741043010_1,2.7259912146107
22741043010_4,0.845715680534873
22741043010_2,0.392311088813191
22741043017_1,2.79718575861647
22744005003_4,0.454511171688557
22744005003_3,0.478345480018487
22744005008_3,0.284268524824677
22744005008_4,0.334380544473152
22744005008_1,1.03807474362136
22747013011_1,3.58548750840581
22747013011_5,0.476121999815667
22747013012_1,1.89817016909733
22750007002_4,0.677944438448625
22750007014_1,2.80437260706246
22759010014_1,2.79661326808127
22762015006_2,1.3600493895826
22762015011_1,1.42730296357448
22765012007_3,0.602062944516005
22765012018_3,1.18114419370944
22771023001_3,0.551686998230918
22771023001_4,0.754782304413387
22771023004_1,3.90922748667098
22774009002_5,1.89641795941466
22774009002_3,1.10694954903382
22774009007_4,1.67079966055444
22774009012_1,3.39097470453341
22774009012_2,3.27103614188116
22779011013_2,2.57621862284121
22779011013_4,1.05786742893805
22779011014_5,1.98393534847261
22779011014_2,5.11135574570412
22779011015_2,1.73389553544219
22795002014_4,0.125309277637024
22795002015_5,0.213289451401852
22798009001_1,1.28207290302749
22798009001_3,0.272479861766465
22810007011_3,2.91701883437223
22810007011_4,3.43220370771266
22810007011_6,4.44957358003049
22810007012_3,0.856612670377914
22810007013_4,1.7026677988242
22813002011_2,0.313870883602252
22813002011_3,0.448137566951454
22816009013_1,0.754062102484827
22816009013_3,0.242234406731592
22816009014_7,0.348980188450987
22816009014_3,0.28388013000091
22816009014_4,0.224985371228277
22819001013_4,0.729371297040503
22819001015_1,1.15427933160648
22831016013_1,2.80515356482024
22831016013_3,0.388321960133312
22831016015_3,1.45504782604171
22834021016_3,0.481371125843189
22834021016_2,1.70368409312387
22837006013_2,0.503254230799459
22840010001_2,0.209776738559563
22858012012_1,0.360191986013076
22858012013_3,0.265303559914064
22858012013_4,0.126297002623713
22858012014_6,0.170794800622065
22858012014_2,0.43399083666019
22861023009_1,0.79207495065216
22861023009_2,0.275830907574467
22861023009_4,0.216417304953158
22861023011_1,0.858495484554369
22861023011_6,0.490265623284743
22867018013_3,0.270431124556181
22867018014_5,0.413869011808584
22867018014_2,0.3439363403373
22868008012_4,0.761542287000124
22868008012_5,0.736208287478086
22870049014_4,0.149262062266873
22870049015_4,0.0747832843827608
22876020013_2,1.30081830378176
22876020013_4,2.71024189879459
22876020014_1,3.28899952849756
22879002013_1,0.890913747225423
22879002014_4,0.267621343568404
22879002014_1,1.03581653724686
22879002015_3,0.233095059726126
22879002015_6,0.380341578616648
22882004012_1,1.40056680699996
22882004012_5,0.512046522016953
22882004016_2,2.26788157122949
22894008012_1,3.70889387142358
22894008013_2,0.515280380475929
22900004014_2,2.21771040877408
22900004015_1,3.73054916429392
22903010003_3,0.213928592623239
22903010003_2,0.692027208518267
22903010008_1,0.845168081257048
22903010008_5,1.71282152636419
22909005009_2,0.671028085345705
22909005010_3,1.05753808860886
22915009005_4,3.17022174257756
22915009010_2,1.31149800193407
22918009006_2,0.67516301175763
22924015013_1,1.03266296057534
22927025013_3,0.177982675172335
22927025015_2,0.312692646059234
22927025015_3,0.679474499078694
22930030013_3,0.811186293150576
22930030014_3,1.37842833831483
22933005010_4,0.432615322062178
22933005015_3,0.304001386993125
22933005015_1,1.69485011201205
22933005015_2,0.855853114548161
22939007003_1,2.00824759430363
22939007008_2,1.32037476288247
22939007013_3,0.941512336452442
22948009014_2,0.280394715357527
22948009014_6,0.135136744204789
22948009014_1,0.776859864398543
22948009015_4,0.0980702008287316
22948009015_3,0.161228056677738
22960003004_2,0.483573696455639
22960003013_2,0.333298386538168
22960003013_1,0.927716632699064
22966008013_3,0.0962774457208814
22966008013_2,0.766647698140864
22966008014_2,0.316873873471458
22966008015_2,0.545719219141219
22969035005_4,0.246374182711543
22969035005_3,0.353729534799315
22969035005_2,0.427200375182443
22969035010_1,0.983704839294341
22969035010_2,0.208564981472005
22972023013_1,3.52470202030947
22972023015_3,1.85263157297157
22981015015_2,0.214613493889261
22981015015_1,1.15708149596584
22996034013_3,0.526716278888607
22996034014_5,0.125396531552071
22996034014_3,0.0734913721731176
22996034014_1,1.30348016046948
22999007005_4,0.0839445571787607
22999007005_1,1.40160219662985
22999007010_4,0.0782298090006224
23011007002_3,0.419097432816644
23011007002_5,0.135860238094724
23011007002_2,0.211746860431245
23011007007_3,0.922892780717014
23011007012_1,1.68009051538489
23020006013_3,0.146150876329
23020006015_5,0.158751553780133
23020006015_4,0.147563903607193
23020006015_6,0.278657806442802
23032019003_1,1.15542320678941
23032019008_1,1.14325457328463
23035012013_2,0.55610465095879
23035012014_2,0.843747713051371
23035012014_1,1.48869541141909
23035012015_1,0.555324291389183
23065007005_3,0.0343138059882373
23065007005_4,0.105059144931126
23065007005_1,0.369446838500031
23065007010_2,0.0775084678869183
23065007010_1,0.446626877432574
23065007010_5,0.0838498385054554
23065007015_4,0.0824853522590103
23080012013_2,0.314828060931611
23080012013_3,0.0835551976035241
23089003013_1,0.12353388887852
23089003015_1,1.7946058483372
23098029005_1,0.680330499474102
23098029010_4,0.0873636396491071
23098029015_5,0.0967776748693868
23104018014_4,0.185062257079676
23104018015_4,0.0775328056615555
23110012013_4,0.260630990994941
23110012013_2,0.243283483348168
23110012014_3,0.132634975327044
23110012014_1,0.148843852292754
23110012015_4,0.245669836326037
23110012015_2,0.440321560486334
23110021005_1,0.284457208582712
23110021010_2,0.191161977429678
23110021010_1,0.732615710594314
23110021015_1,1.34681310052792
23134016007_2,0.603883530915892
23134016015_3,0.097523358573206
23137020005_4,0.566229792331382
23137020005_1,0.514939386285638
23137020005_2,1.22714265566744
23137020010_4,0.591606341425683
23137020015_4,0.473716878722886
23137020015_6,0.438592261400993
23137020015_3,0.206834674041795
23143024008_1,2.41911048423375
23143024013_1,1.22626411855419
23146007010_2,0.41984120708837
23146007011_3,0.553942639048806
23146007012_6,0.398534031895082
23146007012_1,0.760845792567482
23146007012_4,0.543036953681747
23146007012_3,0.234544966849593
23185012005_2,0.823777185802006
23185012015_5,0.656414059481163
23191007013_4,1.94115130700766
23191007013_1,2.09543164739895
23191007013_3,0.97619115734258
23191007014_2,2.4729166866391
23191007014_5,3.0869781688651
23191007014_4,2.07071851217642
23191007015_2,2.5654895310738
23194012002_5,1.51118961536146
23194012002_3,0.466054601650808
23200013013_2,0.582077042431863
23200013013_1,0.190495895029013
23200013013_4,0.261487025224576
23231001014_4,0.295196996572536
23231001014_1,0.291526988336993
23231001015_1,2.6410267498811
23232017002_3,0.376629147811275
23232017007_4,1.35553699609308
23232017007_1,0.954617991641296
23232017011_3,0.182107107976158
23239010013_3,4.74152988743516
23242005005_2,4.85930886614575
23242005005_3,3.39517913147053
23242005010_4,4.96292919919586
23245004005_2,4.25258436707902
23245004010_2,1.26442749355994
23245004015_2,2.661260552985
23248006013_1,1.01798848574438
23248006015_6,0.901385331024331
23248006015_4,0.218117376563978
23255006013_2,0.330112183113692
23255006014_1,0.16280748166858
23255006014_4,1.44870625381965
23255006015_1,4.95596021636383
23255006015_4,3.1103107498176
23275010002_2,0.916245316202086
23275010014_2,0.639194907953381
23275010014_4,0.0759487324532213
23281005012_3,1.50570640477092
23281005015_3,1.63379668511449
23281005015_1,1.74421558164324
23284005010_4,0.352091545327003
23284005012_2,3.61433786086014
23287012003_3,0.399212311858468
23287012012_2,1.49716084640197
23287012012_4,0.375877644717311
23290006003_2,2.0900608381512
23290006003_3,1.32623311477668
23290006016_5,3.13534703729803
23290006019_5,2.44284917035191
23293033003_1,3.40836696998
23293033003_3,1.08191205845591
23293033008_4,0.669745792853051
23293033013_1,2.10390836624242
23302002014_4,0.0478819491982928
23302002019_3,0.0943121687122228
23305016002_3,0.0609339979098313
23305016011_2,0.157760970106048
23314001003_2,0.162037212297706
23314001003_1,0.257557041392287
23314001008_2,0.0695912641896494
23314001008_3,0.0861157729551468
23314001013_1,0.287326199658122
23314001013_3,0.0572986703476036
23320026008_4,1.08213283551183
23320026013_1,1.11384506044263
23323005012_4,0.584336360077826
23323005013_4,1.49072908053945
23323005013_1,1.20427645445695
23323005014_2,0.426904219956323
23326004003_2,0.796253644943875
23326004003_3,0.438192335364163
23326004003_4,1.36814584062863
23341002003_3,0.0395452818829023
23341002008_2,0.0237361358800679
23341002013_1,0.30163714821448
23362010003_3,0.182427822568934
23362010003_4,0.108622722947308
23362010008_4,0.0711170056548898
23365009008_3,0.0735757684157025
23365009013_3,0.0601942818514359
23377016011_2,0.154779061336843
23377016012_3,0.0464832921638871
23392009002_2,0.315053685867512
23392009002_3,0.0803740733195595
23392009007_1,2.98547641153519
23395004003_2,0.0420861638861261
23395004008_5,0.275473870635784
23395004008_4,0.15636363078001
23427002013_6,0.482153268492697
23427002013_4,0.266860241601184
23427002013_2,2.18405377355923
23427002014_2,1.0931927597799
23427002015_1,0.392107511139241
23428002004_2,0.225530126789718
23428002008_7,1.85230765380778
23428002008_3,0.388200390332956
23449005006_2,0.274687615323956
23449005006_5,0.221155053604104
23449005014_2,0.230362816447291
23449005014_1,0.377424344138037
23455005002_1,0.589387285835355
23455005002_2,1.98330387453196
23455005012_2,0.342471439948705
23455005012_3,0.366865197327043
23467003012_3,0.0996905855528334
23467003012_1,0.254512994126627
23467003013_1,0.24444315888977
23467003013_5,0.387109227312653
23467003013_3,0.0837384827317774
23467003013_4,0.187965522366161
23467003015_1,0.638583591371216
23485005013_3,0.525264600312049
23485005013_1,1.01906027027986
23485005015_3,0.216712346653444
23494008007_2,0.461015738179333
23494008007_1,0.657811247838966
23494008007_3,0.122088220267971
23494008011_3,1.39195020464192
23500027014_2,0.913024001656304
23500027015_3,0.834041908982855
23506014003_3,0.229253120341048
23512009014_3,0.168511060452774
23512009014_1,0.951495403944236
23512009015_3,1.72599337391446
23512009015_1,1.55455839013054
23521008012_5,0.569268511364055
23521008012_7,0.0431355303758448
23521008012_6,0.0474791755631827
23521008013_3,0.0447471647536913
23527003012_1,0.789528324660865
23527003013_3,0.0317679118196707
23527003013_4,0.175015482151466
23539001001_6,3.53130398732587
23539001009_4,1.21732936427302
23545002013_2,0.354777343219648
23545002013_5,0.206740476018094
23554001008_2,4.3762816096422
23554001008_1,0.868346456040783
23563029013_2,5.00100587606553
23563029014_3,2.18993733114697
23563029015_1,3.98332360542434
23563029015_6,2.01309572102466
23569013007_3,1.40819940666261
23569013015_3,2.79865066079773
23570007013_8,2.75722916207822
23570007013_1,4.2516518835721
23570007013_5,3.5017523075123
23570007013_6,4.20551541089776
23570007014_3,0.739137302769083
23570007015_2,0.332202789137702
23570007015_4,0.187976906288154
23581002012_3,0.0652022644340632
23581002012_2,0.0831404473853091
23582020013_1,0.139095572052105
23582020013_4,0.342508043343607
23582020014_9,0.0443813566415048
23582020014_7,0.0456657421697153
23582020015_3,0.111858622858264
23582020015_4,0.061146880401789
23582020015_2,0.0566721806447163
23584001014_2,0.361940913572925
23584001014_1,0.400109053813608
23584001015_5,0.131648218539902
23584001015_1,0.588510465909886
23586007014_2,0.0833349403454414
23586007014_5,0.0915672669413847
23586007015_3,0.275218200368037
23586007015_2,0.480443615868168
23586007015_1,0.626870057769781
23590012014_3,0.165725111775974
23605003002_3,0.304923544934013
23605003006_3,0.371764296343042
23605003006_4,0.125061275859071
23617004007_2,3.18063288424959
23617004007_3,3.32383269286815
23617004007_1,5.43846780398518
23617004007_8,3.70192750970322
23632011013_6,0.640218434808629
23632011014_5,4.89886109055757
23632011014_3,4.34872216406948
23632011015_5,0.332630406678607
23632011015_6,0.336387221890853
23632011015_2,0.511060445001907
23638030013_1,1.35372945530988
23638030013_4,1.00743750148979
23638030013_2,0.937416878942614
23638030014_3,0.333251975595502
23638030014_2,0.884710629327889
23638030015_2,1.65662705991126
23638030015_4,2.08117974620962
23638030015_3,1.54394190989984
23647008014_2,0.286180073227275
23662004003_3,0.167552778789664
23662004003_1,0.413346475706958
23662004008_2,0.19751224907194
23662004013_1,0.955364795721913
23665008013_8,0.285011261120753
23665008014_2,0.127860016014755
23665008014_1,0.147252230294594
23677006013_7,3.48851510422618
23677006013_4,2.9050525910201
23677006013_3,1.96207696158002
23677006014_6,0.161471631446878
23677006015_2,0.746807096809638
23677006015_1,1.44965290680348
23704007013_6,0.701346740408512
23704007013_3,0.247751612074564
23704007014_1,0.615167536576345
23704007015_3,0.419927159337456
23704007015_4,0.377267449487842
23704007015_1,1.35433440047553
23716005013_4,1.01575349184419
23716005013_6,2.29362435995033
23716005014_6,1.1860433146434
23716005014_2,0.511412194338104
23716005014_5,0.410754747702245
23716005015_1,0.734247102900368
23728010012_3,0.31023580460973
23728010012_4,0.267548704346414
23728010015_3,0.122175137368985
23728010015_4,0.149335245193821
23728010015_1,0.41426213899364
23731006013_1,0.332508128362312
23731006013_4,0.212149573275027
23731006013_2,0.426688863717403
23731006013_3,0.118922131469032
23731006014_3,0.0513563666453296
23731006014_6,0.239950021345757
23731006015_6,0.0770396845633548
23734004001_4,0.161898422092077
23734004001_5,0.11900481051102
23734014013_3,0.172116632252711
23734014014_4,1.09930031553184
23734014015_2,0.395317538972732
23768020013_2,0.146777149332432
23778004013_2,0.109533156432873
23778004015_2,0.607595300316801
23778004015_6,0.15516043822277
23778004015_4,0.100859713837766
23785009013_5,0.487094222501968
23785009013_1,0.358711802069872
23785009014_5,0.0635011329254464
23785009015_3,0.12815561543703
23785009015_4,0.132587891104831
23818004013_11,1.10301703176414
23818004013_8,0.978624672305331
23818004013_2,1.91446883913778
23818004013_4,1.04583997422713
23818004014_4,0.0960346641451729
23818004015_2,0.196042909078637
23824014013_7,0.118421989695204
23824014015_8,0.0436978020758
23824014015_4,0.0350541894525997
23824014015_1,0.109145315951854
23824014015_5,0.0422816260944328
23824014015_2,0.148826731338185
23845002013_5,0.879639127422213
23845002013_7,0.226701595087676
23845002013_4,0.0471387290127901
23845002015_6,0.284969496080313
23863009008_1,0.652266493646411
23863009013_4,0.0921607867065824
23866001011_4,1.18219517322655
23866001012_1,0.337217704309427
23899002013_5,0.0667522485284436
23899002013_6,0.0908447519385881
23899002014_6,0.185595368584197
23899002015_1,0.237354260956798
23899002015_2,0.228225423717323
23914002015_3,0.134113033686429
23929001013_1,0.47252907793483
23929001014_4,0.698066327523662
23941048013_2,0.618048846185086
23941048015_1,0.235944310497284
23941048015_2,0.171978473823756
23956003014_6,0.235066106678108
23956003014_5,0.0746972728300576
23956003014_2,0.136223870459965
23956003015_3,0.04585770312883
23966010013_3,0.0857658515567061
23966010013_2,0.149896328749133
23966010014_1,0.428131887082938
23966010014_3,0.182823803959958
23971010013_2,0.0840904564463794
23971010013_8,0.204705991295214
23971010013_6,0.122494831895136
23971010013_5,0.0385158782559151
23971010013_1,0.502280784299651
23971010014_5,0.166527920470847
23971010014_8,0.227046240638344
23971010015_2,0.18753320647356
23977013007_1,0.0542033899852378
23977013012_1,0.171041488060799
23977013015_4,0.0615474723562727
23983012013_2,0.0760854396842903
23983012013_4,0.0375450406163322
23983012013_10,0.0365817352267348
23983012013_3,0.0294095102302726
23983012014_5,0.0872352290300961
23983012014_3,0.0505402332957743
23983012015_2,0.109963000728784
23983012015_4,0.0524526594031232
23983012015_8,0.0402529661580146
23983012015_3,0.0509028428211828
24001009013_3,0.0984575978153899
24001009013_2,0.209078352135812
24001009015_1,1.13796399052156
24037006013_2,1.13089073378904
24037006014_7,0.829921030289575
24037006014_3,0.188734583791968
24037006015_1,1.24735375628528
24043026013_7,2.70680206485932
24043026014_2,6.29928608970752
24043026014_6,4.76483180021413
24043026014_3,3.03043938446618
24043026014_5,2.49678464382002
24043026015_3,0.463207208950583
24043026015_6,0.789785798952579
24091004013_4,0.123930881225879
24091004014_3,0.0913226767175501
24091004014_1,0.272871582229625
24091004015_4,0.115071932012268
24109005013_2,1.25657674750525
24109005014_3,2.87541956593698
24109005014_1,2.78109050682212
24109005014_4,2.79635065033545
24109005015_4,1.64531505852671
24115003003_6,3.19907120693269
24115003012_3,2.87381715548508
24115003015_7,0.814878486981756
24115003015_5,0.80253223874506
24118003011_2,6.08918422159325
24118003013_2,2.84678768313521
24121016013_4,4.41099851371373
24121016013_2,1.54535246384208
24121016014_4,2.25285341775215
24124012003_1,5.43442141996621
24124012008_2,6.14910221619996
24130021002_1,1.53522007896025
24130021014_2,1.13453918494795
24136026010_1,3.56134552392421
24136026016_1,2.97348561892908
24142003013_2,1.48001829604818
24145021013_4,0.397160303003563
24145021015_4,0.182374178191856
24145021015_1,0.797833453431263
24154018004_3,0.0225765088704391
24154018009_2,0.293734575452931
24157013008_2,0.714847668640801
24160035003_4,1.5761223288474
24160035008_5,0.27469862770132
24160035008_2,1.59992609482453
24160035013_2,1.10674266978958
24160035013_4,0.307902727519047
24163004003_3,1.90818556495893
24163004003_4,3.18528511839195
24166044002_3,1.50472216793154
24166044002_4,1.65972751512449
24166044007_1,1.6822589255852
24166044012_4,0.313416585125619
24166044012_2,1.23777116314478
24175007003_4,2.11805475824592
24175007003_5,3.11807528014049
24175007003_3,1.92061272548566
24175007018_4,0.432244527403168
24175007018_3,0.34462171371497
24175007018_2,1.69781136497501
24184004004_1,1.88895993388299
24184004009_1,1.57244909299839
24184004009_3,0.391491813904726
24184004009_4,0.472299193172792
24184004014_2,1.75347185843051
24190006013_1,0.775987843025262
24199006013_3,3.82890718738668
24199006013_2,1.07364192121731
24199006014_6,0.18124426262552
24199006014_4,0.127165234902634
24211009012_1,0.50131628012995
24211009018_2,0.31584050226376
24221007009_4,0.0816708668736789
24221007014_4,0.0764439207444952
24229008007_4,0.533447262145049
24229008007_6,0.244631349962487
24241019002_1,3.01772402074068
24241019002_3,1.27559756291097
24241019007_2,0.594789193681253
24241019015_3,1.01342837882616
24247006013_3,0.337758619410417
24247006014_4,2.1297838555571
24247006014_3,1.36286614326506
24247006015_6,1.57000770421116
24271014003_2,0.123002050472995
24271014008_3,0.493350348168955
24271014008_6,0.155937126156624
24271014008_7,0.128670074690012
24271014012_1,0.80461158631822
24271014012_3,1.36102093044659
24274004003_6,1.19690261875969
24274004007_3,0.105801544275574
24280008008_1,0.787076915399931
24280008008_6,0.205278557912064
24292014013_2,0.0982736426252851
24292014014_4,0.192124780977158
24308002008_3,0.103768339245477
24308002008_2,0.527583193856776
24308002013_1,1.83527683588843
24308002013_2,0.406411911126627
24314008003_3,0.081745198683113
24331020013_1,1.48150984707037
24331020015_4,0.0505067239510068
24331020015_6,0.384137967886461
24331020015_1,0.0883278251002587
24343005007_1,0.382522112213317
24343005007_3,0.582019892691398
24346005007_5,0.084044281159666
24346005012_1,1.11150724365144
24355004013_1,0.678864884009812
24355004014_1,0.369620615224731
24370019008_2,0.875537305441447
24370019013_1,0.483057424992545
24385022013_1,2.85590225499808
24385022015_2,0.571148714650003
24415008003_1,0.775023985844884
24415008013_2,0.217302687758491
24415008013_3,0.121511721574773
24433008015_1,0.939964875242936
24442007007_4,1.1736083151208
24442007007_3,0.401302358561353
24442007014_5,0.723089949477368
24442007014_4,0.411516731098406
24442007014_3,0.298383659784438
24454006013_4,0.540438815168586
24454006014_2,1.49500711017564
24454006015_1,1.66267142527413
24466015002_4,0.0732455021995888
24466015002_2,0.428518013255015
24466015011_1,3.41612100516882
24466015011_3,1.17833879479051
24487011008_6,2.31272554002082
24487011013_3,0.167052960240307
24487011013_4,0.207600547592345
24496032002_2,1.09005940284943
24496032007_3,0.311345893709263
24508004002_5,2.47115950500621
24508004007_2,1.29690571243758
24508004007_3,0.518901455423303
24508004012_2,0.763320801261524
24517022014_2,2.0065019029431
24517022014_5,0.750246357077894
24517022014_1,1.80462214438047
24517022015_2,1.34549509750675
24517022015_4,0.83027711536253
24520008003_1,1.12092350398117
24520008003_2,0.747016721189471
24520008008_4,0.401106488067876
24520008008_3,0.24945366458201
24520008013_5,1.55504868268819
24526023003_2,0.575395976888624
24526023008_3,0.307548938721
24526023008_1,0.695905548983632
24526023013_10,1.27181944594604
24529021002_4,0.225085873358174
24529021007_1,0.546415422481377
24529021012_1,0.456025704548673
24544014003_3,0.470463415090539
24562017014_2,0.759159397590588
24580005003_1,1.31519381163357
24586004002_1,3.34934052338751
24586004007_1,0.31989003251237
24586004011_2,1.40844222846567
24586004011_1,0.966113932388691
24586004011_4,0.633193095131304
24592002014_2,1.85769815064404
24592002015_4,0.697297407644068
24607007004_1,0.219206597654566
24607007004_3,0.077880899581961
24612005003_2,0.369255955491886
24612005008_3,0.0913894693870079
24612005008_4,0.124900445121388
24612005013_5,0.0797617687482529
24612005013_7,0.0428663596200505
24615009011_2,1.53802311133184
24615009011_4,1.04045201462055
24615009018_1,0.17167287363636
24616011008_3,0.0951180290645266
24618005008_3,0.0354015354656885
24618005012_3,0.0929515271498646
24618005012_1,0.189480163372093
24619015009_1,0.483448369618007
24619015009_2,0.173010277597247
24631019018_2,0.45450364006323
24631019018_3,0.455535177804629
24643001001_1,0.64795441776578
24643001001_4,0.172002154079693
24643001017_1,0.842273274218037
24643001017_3,0.251329048838783
24643001024_1,1.74562051600735
24646026014_4,0.320913566626173
24646026015_5,0.102932971978291
24646026015_7,1.00759114046264
24646026015_1,0.632047079390634
24646026015_3,0.0740149073118949
24655013002_2,0.476917615513386
24655013007_1,0.51136122051513
24655026012_1,0.726926233151497
24655026012_4,0.0430617003277661
24664002008_2,2.70688969545595
24667001014_2,2.12946825432672
24677010001_1,0.372344759966966
24677010001_4,0.0416381306948061
24677010004_5,0.0872540729095699
24677010009_4,0.0662627994027784
24679021002_2,2.0641508209179
24679021002_1,1.43968802346536
24679021005_1,0.487231707092514
24679021005_6,0.141645566002804
24692011011_4,0.5558884934236
24692011011_1,0.522143345279742
24692011012_4,1.892788021562
24706006008_1,0.670619896243476
24715012003_4,2.26741251684501
24715012003_3,3.38503105146831
24715012008_5,0.126205563445566
24715012012_1,1.0551515468683
24719008004_3,0.100894773433801
24719008008_3,0.0637405639559345
24721015011_3,0.227783274571634
24728017006_4,0.214585853138374
24728017006_1,0.909348644388946
24728017011_1,0.369181017655441
24730035001_4,0.176555852584526
24730035001_7,0.142907554371503
24730035001_1,0.429234349809093
24730035010_1,0.882859942158192
24739012011_3,0.19389820863415
24739012011_2,0.265513426183236
24739012012_4,0.166472415543641
24739012013_2,0.52166640523999
24739012013_1,0.633036914377946
24745022006_1,1.42670004856597
24745022011_1,1.01689384127828
24745022011_4,0.872714081119151
24745022014_1,1.08899216228354
24745022014_3,2.07088429935707
24746017003_2,2.2461498285423
24746017003_3,0.486182015711014
24746017013_2,1.11163171137327
24748023002_4,1.49275520025118
24748023011_3,0.757999561117775
24750023014_3,3.17037451504889
24760011015_4,1.5049186895387
24760011015_1,1.93079877411028
24763006003_3,0.19494984713451
24763006013_1,1.2435325521739
24769031003_1,0.76323775406258
24769031003_2,0.476440972972644
24769031006_1,1.15328295123394
24769031006_4,0.163175813998187
24769031010_2,0.41840123662036
24772060013_4,0.12808325413026
24775004002_1,3.03943374644917
24775004006_3,3.0556914578083
24775004006_2,1.76459361439444
24775004006_5,1.29636142538269
24775004011_1,0.872169997233489
24778011015_4,0.224054042874767
24784004001_2,4.16710644086458
24784004001_1,4.49253076024283
24784004014_2,0.75599821010772
24784004014_6,0.168764768961078
24787031003_4,0.559314295799276
24787031008_6,0.565166680199993
24787031008_5,0.221789850343313
24787031008_2,0.352726299642648
24790009002_2,0.70734418204069
24790009002_1,0.659676492041296
24790009007_3,0.052598042755483
24790009007_2,0.466840888426529
24790009007_6,0.252286553274749
24790009011_5,0.10029530287391
24790009011_8,0.578923640438191
24790009011_7,0.18527246055663
24793030013_3,0.186263905529849
24793030014_3,0.718982052673099
24793030014_4,0.62545620198704
24793030014_1,0.677711007321113
24796003007_3,0.231293322812111
24796003012_6,0.19617476179729
24796003012_2,0.226553949889568
24796003012_1,0.527231740037074
24802040008_3,0.503453770431631
24805007012_3,2.9027248122104
24814043015_7,1.91260723000677
24814043015_6,2.04283168074655
24829050007_3,2.52407031695554
24832014014_4,0.364127102801077
24844025013_1,0.745234482508554
24844025013_3,0.219060652316898
24844025013_2,0.763526095828644
24844025013_5,0.20728673809808
24844025014_2,0.666188946015724
24844025015_1,0.616182724503658
24844025015_2,0.677747291258067
24862007013_2,0.78954464692932
24862007014_3,1.01567701603309
24862007014_1,1.32653326910618
24862007015_4,2.28474216246363
24862007015_6,2.44726272197364
24871011028_3,2.13611832596398
24871011029_4,4.81935825025706
24875016013_3,2.15402239653253
24875016014_3,0.786281563319128
24875016014_5,0.531754311006035
24904002013_2,0.437783756461275
24904002015_5,2.16986255270473
24904002015_1,2.8629832603263
24910030029_3,0.515616880015696
24913012003_4,3.3048251490682
24913012007_1,1.91057630942826
24925004014_3,0.52900493331005
24925004014_1,1.2006596771118
24925004014_2,1.30133107805585
24925004015_3,1.28649542509662
24928028003_2,1.49828733570898
24928028003_4,0.646359275886879
24946004013_4,0.198114020092743
24946004014_1,0.98141590207135
24955008013_4,0.599386835774212
24955008013_7,1.8924687287592
24955008013_3,1.9111425422729
24955008015_1,1.59273488673724
24955008015_4,0.432048455565889
24958125014_1,0.962024159378409
24958125014_4,0.230144725966756
24958125015_4,0.212632212073712
24961027002_1,0.346517549586092
24961027007_1,0.25838308256151
24961027015_4,0.0718951371757593
24961027015_3,0.0631920378367251
24982014013_4,2.6812160191513
24988013013_1,6.11460710424751
24988013014_2,1.42539782059291
24988013015_2,1.10220340061892
24988013015_1,1.08406987671148
25000065014_4,0.322563113605205
25000065015_1,4.33518567702062
25006006013_4,2.5880315118788
25006006013_3,3.38784274689018
25006006013_7,3.81081010520249
25006006013_6,3.76554146756948
25006006015_2,6.47338693353954
25021002013_2,1.78807038222209
25021002014_3,0.358375170199711
25027021014_6,1.65157838094973
25027021014_1,0.772313957761275
25036013007_3,2.36143875731789
25036013012_3,0.893534552757122
25036013015_1,0.985178619685517
25042011015_1,4.46330443501965
25075013013_2,2.04956349356643
25075013014_3,1.57846439605714
25075013014_5,2.02449639019677
25075013015_2,4.663811711774
25075013015_1,3.2141900446972
25081019002_2,4.32939925444882
25081019007_1,0.104478951629398
25081019007_5,1.15487086356884
25081019012_2,3.26731857950017
25093024014_2,2.45498665623084
25093024014_3,1.919844884344
25093024015_1,4.68459643062111
25099015013_1,3.65683034548666
25099015014_4,0.461948224151958
25099015014_5,0.662541491088736
25150001013_3,2.71673755975164
25177006006_5,4.62056564713363
25189005029_2,1.16271200008698
25189005030_2,0.723305661711831
25189005030_4,0.339478508329967
25195036014_4,1.04931799966733
25201001013_2,1.27592768887907
25201001014_3,0.262379957462017
25204025012_5,2.24681278638552
25204025013_4,0.181191563746451
25204025013_1,0.832807471054997
25204025013_3,0.303480217441377
25207012007_1,1.13923875296635
25213022013_1,3.79202247850419
25220014002_2,4.61780933248896
25225005011_2,0.238514209033046
25228013006_1,0.337664393017962
25228013011_2,0.0503945562346665
25232011011_2,0.439560118161698
25232011012_1,1.60698132328258
25245003003_3,4.4563892685797
25245003008_3,5.44066319718221
25245003008_2,5.62489678509048
25245003013_2,6.06607645303156
25246012011_1,4.62610973581014
25246012012_1,1.76180071681721
25246012013_3,0.818238812143138
25249004002_2,6.84830655712858
25249004007_1,6.18826859092179
25255010013_2,0.203608421283282
25258013004_4,0.059034213031727
25258013009_1,0.734244054766523
25264013001_1,1.130155630152
25264013006_2,4.11146104772053
25264013006_3,1.26399461462458
25267027012_2,0.113645369704767
25273007006_2,1.1011120735688
25273007006_1,2.96043094798067
25285020002_1,1.2757202636557
25285020002_2,1.72118424742819
25285020012_3,0.134693792324821
25285020012_1,0.570112090456895
25285020012_4,0.113164645332734
25297004013_1,1.75036393815029
25297004014_1,0.540807274051602
25297004015_2,0.506931462130412
25306004001_3,0.209328907336628
25318007002_1,2.74077145647927
25318007012_2,0.348967091309406
25320006001_4,0.109197547749447
25320006006_6,0.533745736306444
25324003002_1,0.316437936754943
25324003007_1,0.480137038381683
25324003011_5,0.043347119956993
25348007012_6,0.405141435833406
25348007014_1,1.54388717033041
25349005002_2,0.314404243946865
25349005012_1,0.24588654617323
25363006013_1,0.615015132075101
25381001012_1,5.32872799259564
25390005013_1,1.58693751508173
25390005013_2,0.338490540142946
25390005013_7,0.577974163771216
25396001008_3,0.427810988966866
25396001008_1,0.710378107671975
25396001012_4,0.302464900980823
25396001012_1,1.86134535878415
25408004028_2,0.471120175468845
25408004030_2,0.759361229370614
25417035006_3,0.28346182077158
25420030007_2,0.223670954175522
25420030014_1,0.259242183582726
25420030014_4,0.184985534772198
25432005008_1,1.11688689311414
25432005009_1,1.05301789463734
25432005021_2,0.789307142253392
25433014013_4,0.0982991029361161
25433014015_2,0.0769367469588993
25441012003_2,0.103261206933784
25441012013_4,0.0464546024816059
25441012013_6,0.0819211379796194
25441012013_1,0.385966794695778
25444004013_2,0.158553987311223
25444004014_1,1.40763852014079
25444004014_2,0.759969253605691
25459015013_3,0.0836568702869971
25459015013_5,0.209822926887832
25459015013_1,1.57700437461385
25465007013_1,2.30101781089225
25471003007_1,0.601223488506504
25471003015_3,0.107935948907068
25477011006_2,0.261997220915731
25477011011_2,0.764938258810853
25477011011_4,0.136968499771756
25477011011_5,0.549051056609158
25480005013_3,0.143040301648785
25480005013_1,0.304048284544608
25489011013_2,0.326450343553606
25489011013_7,0.270995832971961
25489011013_3,0.0526789486724011
25489011014_3,0.0721611527249351
25501011007_2,0.451590483079794
25501011007_3,0.128729498035251
25501011015_2,0.305776139802533
25501011015_3,0.225636058757056
25507007013_1,0.764903019625654
25507007014_1,0.896183912771156
25507007015_3,0.190878499939911
25507007015_1,0.511220899124114
25513009014_5,0.27670837652286
25516009013_1,3.04162807351067
25516009015_2,1.90646502899244
25522017007_8,0.36241110267748
25522017007_3,0.0762896525487075
25525002011_2,1.32483775379638
25525002011_1,2.94394036896458
25537008013_2,0.513018816551116
25540003014_2,5.49791097656109
25540003015_2,1.76870076955303
25540003015_3,0.550109906162236
25540003015_1,2.01908913581993
25543026017_5,0.25144164803861
25543026017_6,1.47569096019016
25555004013_1,0.659198848088631
25555004015_1,3.29288235605829
25567022014_2,0.871061971987923
25573013013_2,0.297125264648117
25573013016_4,0.0589278575944221
25582025013_4,0.206609974184589
25582025013_3,0.172134275666051
25582025014_3,0.371549827418462
25582025014_2,0.218632527945355
25591008006_5,0.698913240516189
25591008006_4,0.311201759573762
25591008011_4,0.22391588864409
25597026015_1,1.30039226220932
25600003014_3,0.0857600497526811
25600003015_2,1.13743995892465
25609006013_2,0.575213609081796
25609006013_3,0.108811358541306
25609006014_3,0.0898087004646477
25609006014_4,0.682388314386024
25609006015_2,0.359253689334388
25621017002_3,0.515754002751464
25621017007_2,0.714555894805718
25621017007_1,1.56780036802906
25630006013_2,4.2305298899652
25630006013_4,1.12800729147848
25630006014_5,2.4227602886739
25630006014_6,0.857582075227172
25630006014_2,1.30461044353831
25630006015_3,0.885020413837331
25633013002_4,0.532846464694257
25633013002_7,0.96103849358278
25633013002_3,1.98902887603007
25633013002_2,2.62042600004989
25633013012_6,0.375335163461221
25633013012_5,0.299822359634878
25636016002_2,1.48489832889363
25636016002_1,3.88103949803292
25636016002_3,0.530742865554341
25636016014_1,1.31133130903158
25636016014_2,1.28763234839392
25639018014_1,2.63050694472942
25645012013_2,0.213042250655728
25645012015_1,1.57294540971896
25651031012_5,1.17493701800439
25651031015_2,2.19339596187978
25654041013_2,1.2770490182374
25660013013_2,0.178235912843094
25660013014_5,0.445804015286784
25660013014_2,0.0963407517184336
25660013014_3,0.15371557367054
25666012002_4,0.535846071719629
25666012002_5,0.121172356514369
25684010014_1,1.47692478218397
25684010015_2,0.621401277980257
25696005015_3,0.114972489177343
25696005015_2,0.478963511540645
25699001013_4,0.112888983352783
25699001013_3,0.549047869447819
25699001013_1,1.58044813830662
25699001014_2,0.583572050209737
25699001014_1,1.97679697207993
25699001015_5,0.186698824868787
25699001015_3,0.354234404553446
25699001015_1,1.1382502749301
25705006002_2,0.832364528416688
25705006002_4,0.24462532816308
25705006011_1,0.817072081142614
25705006011_5,0.0609520932748158
25720011012_1,0.719257254431532
25720011012_2,0.829684710212435
25720011013_2,3.46876561922839
25720011013_3,0.207203758975633
25720011013_5,0.164663285478292
25720011014_2,2.09923739099328
25720011014_1,2.05498462827719
25720011014_3,0.332600458564603
25729001008_1,3.65502253147873
25729001014_1,1.00969900970698
25729005013_2,0.879047009852244
25729005013_4,0.509767766500712
25729005013_3,1.17671898100907
25729005014_1,1.85589419639227
25729005015_1,1.64916237646751
25738011012_1,4.44869564228265
25738011013_4,0.202829552520132
25738011013_2,0.505470740134154
25738011014_3,0.218503628342205
25741007008_3,1.05908827209459
25744014012_4,1.61840143355586
25744014015_1,0.309772613552751
25747021013_8,1.90095584993462
25747021013_7,0.154901799255285
25747021014_1,1.97577418399972
25747021014_3,0.219805478335794
25747021014_4,0.281612120484777
25753010008_2,0.272074776245357
25756002004_1,3.01254917669485
25756002013_1,0.831994789250608
25759013002_1,0.51416285106623
25760066008_2,0.159371406620674
25760066008_4,0.0907124223063601
25762005003_1,0.334369408517741
25762005012_5,0.109302348390461
25763002003_2,0.372810506988203
25763002003_1,0.340449042613523
25763002008_1,0.359203566140444
25765005003_5,0.124647461932179
25765005003_2,0.360333351869214
25765005008_2,0.0853243840570374
25765005013_5,0.112617223936376
25765005013_1,1.22230951152625
25768011001_2,0.39009618124049
25768011004_1,0.510381210501064
25768029013_3,0.0650577602757545
25768029014_1,0.415382294077307
25768029014_2,0.24293562589404
25768029014_6,0.112447326615308
25768029015_1,0.309481102680406
25771006009_2,0.0558735724333672
25774008008_1,1.93039727524879
25774008013_3,0.0959156483921756
25774008013_1,0.236955468792314
25774008013_4,0.169828308343364
25777006003_4,0.0653298827463751
25777006013_8,0.451484836982554
25786012013_2,0.0970986890343035
25807015008_8,0.288321109242988
25807015008_7,0.0413832656798317
25807015008_4,0.0804449597953014
25813126014_2,3.95909465910806
25813126015_2,0.875632123976653
25816005002_2,0.518780650976052
25816005007_1,1.0302367278756
25816005012_1,0.630154756724146
25822040006_8,5.56889266542981
25822040006_2,5.7320319965656
25831002008_2,7.40758974256996
25831002008_6,6.39008603068879
25837022003_1,3.04548922573242
25837022003_5,0.806614633836692
25837022011_6,5.40178681721436
25843031014_3,0.553659876164331
25846058012_3,2.54962823838518
25846058012_1,5.04471380886878
25849087013_2,3.05000655343885
25852076004_1,1.46810757152385
25852076007_1,3.47850179930118
25852076012_3,4.88453230602937
25852076012_1,6.875384314106
25855025007_2,6.04172230664249
25858008003_2,1.51530357038177
25858008008_5,3.45600692023945
25858008008_3,2.70231641519052
25873002013_2,4.59759476516666
25873002014_3,0.0974331174938544
25888003006_4,0.921494349337615
25891079013_2,1.33743812565844
25891079013_1,2.40855962073201
25912008004_3,0.149966777781818
25912008004_4,0.41478598526845
25912008008_3,0.594770733597916
25912008008_2,3.36707515951375
25915057006_1,0.805457638385087
25915057021_2,0.254621414669965
25920070007_1,1.1246993138577
25920070012_2,0.0375919918978462
25921028015_1,0.425320914697695
25927003013_3,0.27967268069682
25933061007_1,1.44952035951753
25933061007_4,0.143882218302493
25933061011_3,0.119273920361829
25933061014_1,0.367070978789094
25939049007_2,0.0747950370133732
25942136003_1,3.5398298096188
25942136012_2,2.98238410313768
25945088008_1,1.29240169467661
25945088013_4,3.16652788710736
25948197009_3,3.12095539848904
25948197017_5,4.18934042333158
25948197022_3,3.08578349143299
25948197022_1,4.6396333522595
25951026003_4,2.89593218118031
25951026013_3,4.54699011644594
25954010003_3,1.61817023364452
25954010003_2,3.58691068976728
25954010003_1,4.13472625949944
25954010008_4,1.30773477822522
25954010008_5,1.34487655888356
25954010013_1,2.04801043924866
25954010013_3,2.1835575247386
25957130004_2,2.95328745904399
25957130004_3,2.38223732138794
25957130015_1,4.4630531718364
25960076009_1,3.89570447510927
25963005008_4,0.770081377553824
25963005008_1,0.649554872848952
25963005008_2,0.851282470011432
25963005013_1,1.17456355408506
25969058011_2,0.261042053510597
25969058013_1,2.48860423269999
25969058013_4,0.444305049372866
25969058013_3,1.06076176053459
25975217009_1,0.193645626841271
25978002007_3,0.0991874187664093
25978011003_3,0.0790240897946227
25978011013_2,1.034976142795
25987164018_7,1.39646866939718
25987164018_6,1.01780134437079
25987164018_3,0.232752038071035
25987164020_3,2.33523398576664
25987164020_2,3.21786123280752
25987218003_4,0.463372753522842
25987218014_2,0.352287024206859
25987322003_1,1.03049339596909
25987333003_2,3.12355127945546
25987333016_1,0.607740370715205
25993138013_1,0.414312135008976
25993138014_1,0.115579608844625
25996064007_3,0.0817764146322672
25996064015_1,0.18925267223176
25999032013_4,0.0344727987934517
25999032013_3,0.0684114395252267
25999032014_1,0.76769393555746
25999032014_2,0.53624641554368
25999032015_6,0.0541568232747829
25999032015_4,0.0368228790529784
26002037013_5,0.881880323251092
26002037013_1,3.32720081795421
26002037013_3,1.47559427080168
26002037013_4,0.808622085243544
26002037013_2,2.22119105762165
26002037014_4,3.91455017430706
26005056014_1,0.557738268369176
26005056015_3,0.177506666560164
26008009014_5,0.12371528623631
26008009014_2,0.470945282911934
26008009015_1,0.714750517878037
26008009015_4,0.425754005640666
26011007014_4,0.0582816803344315
26011007015_7,0.309085838499317
26011007015_2,0.0651564120506556
26011007015_6,0.0761821105393758
26014010007_1,0.293565051717808
26014010012_3,0.0659365395423836
26014010015_3,0.0817271384846268
26014010015_1,0.77136214014784
26017005013_1,1.36846488069288
26017005014_5,0.0963283924434035
26017005015_2,0.489868699231662
26020138003_4,0.049096194118504
26020138008_1,1.38437666718027
26020138013_2,0.0332876747817802
26020138013_3,0.0290609992521805
26023020014_2,0.691184962771202
26023020014_3,0.0559838277179875
26026013002_2,0.0503956069949037
26029015013_2,0.296713459269169
26029015015_5,0.120960668755672
26029015015_2,0.0839213249335509
26032017008_4,0.282081615851634
26032017013_2,0.227097780389149
26035011003_3,4.26595773640645
26035011003_4,3.50352758698217
26035011003_7,5.02958040970979
26035011003_5,4.47611536123698
26038006014_1,1.52867251872711
26038006015_4,0.54286287684891
26038006015_1,0.312674401400495
26050078013_1,0.185492674250869
26050078014_1,0.251047719612683
26056116013_2,0.15068410034322
26062002006_2,0.84366125437164
26062002006_5,0.545813704527764
26062002006_1,1.3066330243584
26062002006_6,0.71472543586187
26062002011_1,0.469393572181945
26062002011_4,0.109704758325102
26062002011_5,0.329592038516202
26065006002_6,3.21334225919506
26065006002_3,1.23830259387111
26065006002_4,2.67362271101239
26065006014_2,4.54703129046158
26065006014_4,2.18933551267279
26065006014_1,4.10514267699035
26068023015_4,0.228716107824945
26071002003_2,4.29522071352835
26071002008_4,0.34151989136145
26074015013_1,1.11405314466078
26074015014_6,2.89088685419079
26074015014_1,1.8420406916374
26074015014_5,2.58814832005303
26107012015_1,0.356715606449481
26107012015_4,0.0957371193265521
26116024013_1,0.556225753689923
26122011008_1,0.822178859819027
26122011013_2,0.0865048629531725
26131006013_4,0.192839351853237
26131006013_1,0.268914238755658
26131006013_2,0.3215393692408
26131006014_1,0.420380847901169
26131006015_2,0.593712141964615
26131006015_1,0.393926353361825
26152003010_1,0.329216693354249
26152003015_2,0.235610723071284
26152003015_4,0.529330815455823
26173020013_2,0.585082244297227
26173020013_3,0.447638231112746
26179015013_2,0.65240339477674
26179015013_4,2.3867859241736
26179015014_1,3.54761781959034
26188025017_2,0.596950143946774
26197007013_2,0.176774310698438
26197007013_3,0.118126850690789
26197007015_2,0.204776405400017
26206013009_2,0.203923521875981
26206013012_2,0.941273018320856
26215003012_3,0.237018928514599
26224014012_3,0.0723920168826612
26224014013_1,0.249318937894959
26224014014_2,0.519659069492794
26233030010_6,0.365829410131114
26245024011_2,1.07917423278366
26245024012_5,0.288371084895843
26266005013_2,0.199492679899552
26266005014_1,0.652821246063785
26266005015_6,0.177234123142062
26266005015_5,0.0965821736393506
26269067007_1,0.63140988753449
26269067013_3,0.278509162954627
26269067013_2,0.2794737732955
26269067013_1,0.339118550097023
26272010005_1,1.83170541357533
26272010010_2,5.41072483674149
26275004006_3,0.0720120680816637
26275004011_3,0.0915227951833883
26275004019_3,1.0110248732614
26281011011_2,0.782863112715404
26281011012_1,0.449308286748201
26281011015_3,0.538088498780466
26290018011_1,0.608558742143794
26290018012_4,0.24238559253735
26290018012_3,0.198461515969403
26290018013_2,0.385529464355587
26290018013_1,0.364108397706091
26305008013_3,0.775120696025265
26305008015_1,1.12170076498697
26320006013_3,0.0478865954853372
26320006014_3,0.0536775861544319
26320006014_2,0.170744410707565
26335003013_1,0.301287944270275
26338004007_2,0.280700020542835
26353002013_2,0.258115198161667
26353002013_3,0.0425669655247996
26353002014_3,0.205970890889912
26353002014_1,0.519429366281756
26368029021_3,0.0328769940104172
26371020014_1,1.00618277980358
26371020015_6,0.238948581152357
26371020015_4,0.648510026295588
26374055014_4,0.125576817378567
26377097015_5,0.156814596133277
26383030013_3,0.068908772194985
26383030014_2,0.468085500875436
26383030014_1,0.595233468295516
26383030014_4,0.178305003638848
26395003013_2,1.54647967188155
26395003013_1,0.671850698259694
26395003014_1,0.340371488937283
26395003015_4,0.0477064380198648
26404009011_4,0.60733930826943
26404009014_3,0.0494285762384214
26404009015_5,0.413433496001796
26404009015_2,0.142762285220291
26419012004_3,0.0755890396702694
26419012014_3,0.0360247501782679
26422018005_1,0.777902462008249
26422018005_3,0.0717663449487542
26434009013_4,1.40894103634883
26434009013_3,0.622213402244808
26443020013_2,0.337630099319634
26443020013_3,0.0569510758900582
26443020014_4,0.13524933191423
26443020015_2,0.0869929310701658
26458040013_3,0.14875539614926
26458040014_2,0.366746971896827
26458040015_2,2.98379148820577
26458040015_4,0.926427831090069
26470021013_2,5.12064956253631
26470021014_3,0.648397170222592
26470021014_1,2.53520219706163
26470021015_3,0.373419677094964
26476006014_2,1.18911632203819
26476006015_1,0.704612445549668
26479028013_1,3.27034857632592
26482022014_3,0.0497884085365088
26482022014_5,0.405417691621337
26482022014_2,1.028200782968
26491008007_3,4.22893200773736
26494041013_2,0.961764159867059
26494041014_2,0.799528714302567
26503013014_1,0.46399109150128
26506008012_2,0.194861437024309
26506008015_2,0.44065247235464
26508024021_5,3.32164358588596
26508024024_1,3.88176413010056
26509004013_4,0.18847274880894
26509004018_1,0.493014954474119
26512010004_2,0.247700133090722
26512010004_3,0.0977958104521529
26512010008_1,1.03014331704493
26512010008_2,0.77144858704415
26512010013_2,0.0470370579824122
26515019013_2,0.111951988197731
26515019014_1,0.0619317492267702
26515019014_4,0.166028039455871
26515019015_1,0.404487748133931
26518004003_5,0.0410043046984345
26518004003_1,1.18751184179313
26518004008_3,0.106832014381588
26518004008_4,0.10953321500741
26518004008_1,0.757862978456759
26518004013_1,0.324845128252283
26521013013_6,0.0400405542400159
26521013014_1,0.346642671502595
26521013016_1,4.37225806164635
26524021012_1,2.71690870784673
26524021012_7,0.701314045498998
26524021013_3,1.35857378883394
26524021013_1,1.70222993870748
26526014003_2,2.78317585450623
26526014015_2,0.520600012978806
26527035002_3,0.242961835839189
26527035002_1,1.01793583773703
26527035002_4,0.133795388787081
26527035015_1,0.222897958634334
26527035015_4,0.0668727152905116
26533003013_3,2.37122163633212
26533003014_4,1.5579826727157
26533003014_3,1.6625720046255
26535027013_4,2.58103007269655
26536038014_5,2.41780121640774
26536038014_4,1.6892935123621
26536038014_1,3.01674384174967
26539039014_3,0.243111224231951
26539039015_9,0.242657582901155
26539039015_12,0.553312457774751
26545003002_3,0.0465665646765504
26545003018_1,2.60486159862081
26545003018_3,0.11836055345475
26551008013_3,0.772422856725372
26551008013_5,0.299876864718828
26551008014_3,0.142625618296789
26551008014_1,1.143984958766
26551008014_2,0.0926389502613761
26554004005_4,0.102965107879516
26554004012_1,3.5482544605977
26554004012_3,1.11984421783383
26558003007_2,0.169984358819974
26566002014_1,4.83344559296815
26566002014_3,0.977597985833336
26567007014_4,1.16322364052325
26567007014_3,0.950204115822832
26567007015_4,1.0051577812469
26567007015_1,1.434334550067
26569001014_4,0.945864503154696
26575004014_2,1.45795516518389
26575004014_1,0.820986964019472
26575004015_1,0.750673638297313
26581018016_3,0.0238169720669592
26584010003_2,0.612196100427286
26584010003_4,0.0618431407212441
26584010003_6,0.0627074076087238
26584010008_1,0.0218452922100778
26590006012_4,0.10223467582073
26590006012_1,1.07984164658272
26590006012_5,0.198325891714588
26590006013_2,2.56080042504199
26590006013_5,0.421771960093214
26590006013_3,0.492227824225945
26590006016_1,1.80092307502741
26590006016_2,1.37853827813307
26599003013_2,0.426211017895609
26599003014_2,0.173255636722342
26599003014_3,0.103860497656874
26611003002_3,0.187885509378767
26611003002_2,0.364344654731681
26611003011_1,0.197860917658332
26611003014_2,0.68604518794974
26611003014_4,0.0441903872393282
26617011013_2,0.132847195670162
26617011015_3,0.0674559167690696
26650003003_3,0.395876907011925
26650003003_4,0.693570647126376
26650003003_2,0.141304518404613
26659030014_2,0.293703595929566
26659030015_1,2.50702444019585
26674021015_3,0.375913484757321
26674021015_2,0.187668352923801
26680005003_1,0.757439250776806
26680005008_2,0.310593964113795
26680005013_3,0.0896647816310893
26680005013_1,0.647050786487581
26689001011_1,2.79422592334236
26689001011_2,0.510588500547528
26689001012_1,2.17391071273307
26704041004_2,0.509654586725167
26704041004_1,1.1279449744128
26716003015_4,0.307903500549479
26719025004_2,0.145176390027482
26719025008_3,0.0625868533539945
26719025021_4,0.073344555245987
26719025021_1,0.46007278062049
26725026001_3,0.0563026170276823
26725026001_4,0.0694212581613104
26725026008_4,0.085242315013381
26725026008_3,0.0710530716289637
26725026014_2,0.174892547585489
26731011008_3,0.0631330676534989
26731011013_2,0.449135425434578
26731011013_4,0.106566196547312
26734021001_1,1.45840283221484
26734021001_2,0.815559261541374
26734021011_2,0.91801984914873
26734021019_4,0.554862782887604
26740008007_1,4.26578059238115
26740008012_3,4.50690524176374
26740008018_4,3.85828304343179
26743008016_2,4.22651758531026
26743008016_3,4.06820884801077
26749009011_2,4.59781039690283
26749009011_3,2.60865635973894
26749009016_1,5.27681939454341
26755003018_1,5.68094461842582
26755003018_5,3.08041746758684
26758025005_3,2.06386314153056
26758025014_1,1.50197389242732
26758025014_4,0.33694616000547
26758025018_3,1.69820797118072
26758025018_2,4.82116794526859
26761007019_1,1.7295364246207
26761007019_2,1.15293287104419
26767018007_1,2.82871531882889
26767018012_5,0.549920670807164
26773003003_1,0.813463987061734
26773003008_2,2.76767028954018
26776054002_4,0.0582355825111461
26776054002_5,0.0724691826886267
26776054011_2,0.194728291235269
26779027008_2,0.454886434422635
26779027012_1,1.4352395690149
26779027012_2,0.369034394697258
26779027014_5,0.103514750544114
26782061012_2,0.169606067798646
26782061013_1,0.405459142671973
26791057008_1,0.464815774672774
26791057013_2,0.197456906879378
26791057013_4,0.602183473253654
26794057004_1,0.689592447890242
26794057008_2,4.96456115644113
26794057011_1,5.24575268395606
26797055027_1,1.38475927761739
26803059027_1,1.80379381159866
26803059027_3,1.4233349723225
26809036003_2,0.444378069029422
26812102020_1,1.22622449863146
26812102023_1,0.199085106728454
26821074002_1,6.03445380262961
26821074005_3,0.464046628626087
26821074009_2,2.0559185951308
26821074009_1,4.94637577067746
26824005004_3,0.98127207064503
26824005006_5,1.30372330525581
26827070012_1,4.21036898423434
26830012007_4,0.203943445274273
26830012017_2,0.0809188380796132
26836043007_4,0.147945685304056
26836043012_2,0.105646805725532
26848052001_4,0.392339453736509
26848052001_3,0.193085744579229
26848052003_2,0.196615810844523
26860006002_2,0.0452679642498897
26860006002_3,0.0374448987697061
26860006002_1,0.110422674576929
26860006012_2,0.0628558980809582
26860006015_6,0.0497172636343963
26863021003_4,0.113944108081088
26863021003_1,0.274989605061658
26863021006_1,0.0782837123370901
26863021010_2,0.0527188659936364
26866012018_1,0.751314488165028
26866012024_1,0.196351546625941
26866012024_3,0.0554969993607615
26875007005_5,3.08091220362699
26875007005_3,3.14900249574562
26875007012_3,1.78963313774565
26876042029_1,1.36140572971764
26882079007_3,0.768268838576906
26882079020_1,0.732108070168595
26887004007_2,0.176486933317503
26887004014_3,0.19205074493381
26890045002_4,0.343911153483684
26890045002_3,0.462487766790551
26890045016_2,5.86219180990094
26890070003_2,0.799997352108438
26890070009_4,0.367362970991243
26890070014_5,1.00560592879881
26890070014_3,0.335210590372784
26898032001_1,3.87372915092353
26898032001_3,5.55020703351293
26898032004_3,1.98055732818046
26898032004_5,1.15032129525754
26899064008_2,0.852198064382733
26899064008_1,1.19678558948098
26899064008_3,0.463867952776454
26902094004_2,4.86283715403555
26902094004_1,5.29871094390442
26902094011_3,2.63936500388442
26908083013_4,3.1714000467522
26908083017_1,3.89083696956046
26908083019_1,0.816128093860981
26911028013_1,1.83693152763403
26911028013_2,1.47442134162266
26923003013_1,3.02396132262381
26923003014_4,1.67437997599681
26932013007_4,0.494463025493521
26932013007_3,0.37903533486925
26932013015_2,1.13641489477248
26935009016_1,4.2108915889806
26935009018_4,0.846831778673146
26947040006_2,3.33956981330692
26947040013_5,2.68614628918242
26947040016_1,4.21923267952777
26950009018_2,0.422316251574581
26950009020_2,5.30930789344518
26962028013_3,2.18664405809828
26962028013_1,6.26749786697749
26962028013_4,3.25357594023403
26962028017_3,0.538297199788461
26965017003_3,0.429465922842625
26965017003_2,0.410223460496732
26965017010_4,5.16141018974306
26971020023_1,2.64745223961939
26974093002_1,2.83937959371515
27001022009_4,1.62333348439617
27001022019_3,0.660396784398723
27001022019_1,3.30622156671604
27007111007_2,5.02758375728539
27022026004_2,3.05470681587992
27022026021_4,0.438117289554501
27025095004_1,2.68578368173985
27025095018_1,4.45288224649878
27025095018_3,1.91427734621604
27028019004_2,3.94334048064481
27028019013_3,2.53179856695176
27028019020_3,0.359678152071249
27028019020_5,0.829795216991174
27049042002_3,2.73260541162813
27049042015_3,2.00936893054435
27067001008_2,2.52108871099175
27067001013_2,5.90782763054659
27073001005_2,1.25953338543296
27076005008_2,2.16741107879027
27130024003_3,0.400646043862077
27130024003_1,1.52639506914562
27130024008_2,5.85138046569835
27130024008_4,1.24893106550399
27130024013_3,1.47877541596227
27130024013_2,4.99213895474856
27139003002_2,6.12230321660727
27139003018_1,4.58976301852225
27139024005_2,3.35434764592969
27139024012_4,3.09101851900934
27139024018_4,2.61550597740502
27139024018_1,5.8520084212625
27142012010_2,6.04771937156374
27142012010_3,1.55529964588167
27142012011_1,2.56803985597226
27142012019_2,5.06391274682127
27169022008_1,5.71839837812649
27169022013_1,2.25079902023787
27181012007_1,1.84861142110103
27181012015_2,4.14981979033586
27190005004_3,1.31356586695072
27190005016_1,1.79202908290606
27199015007_3,0.563871314483949
27199015007_1,1.81041107219557
27199015014_3,1.08418597846324
27262009004_2,3.35663064180139
27262009007_2,2.93128238240041
27262009013_3,0.460568117007846
27280017002_1,2.9054775306366
27283009003_4,1.3274344188988
27283009013_1,6.79959968060727
27283009019_2,0.377825074644808
27286001001_3,0.822754968401727
27286001001_1,2.63445233186858
27286001005_3,0.944791362038961
27286001007_4,0.455061223220349
27346013008_1,1.4691946661987
27346013008_3,0.19995852678508
27358056014_5,0.111832097200614
27358056014_4,0.072160384164586
27361022003_3,4.35814527078859
27361022003_1,4.61146491171245
27367001011_1,1.73955941524929
27367001011_2,0.448492365344929
27367001014_2,1.32255053609111
27403005004_4,1.46304940332387
27403005004_3,0.772753635586695
27403005005_1,2.17181937776501
27412012004_2,6.0245190592821
27412012013_3,0.422209241051322
27412012013_1,2.92501242421577
27412012013_2,1.7983728860771
27412012013_6,0.349039933304754
27415014003_2,0.565011482322887
27418011013_1,3.83098897864127
27427024014_4,0.20643834041715
27427024014_3,0.0979316880166026
27427024014_6,0.637837778574192
27436029012_2,4.8193399602755
27436029017_3,0.275583010159421
27439020002_1,1.24135741667539
27439020024_1,2.15525097952877
27439040009_1,0.400053224847605
27439040021_4,0.537760112056507
27439040021_3,0.793840254762783
27439040021_2,0.506712202378701
27445142002_1,3.50931145897878
27448091005_2,2.7971774354685
27448091021_1,1.49966294272959
27457080002_7,1.78863208728468
27457080003_4,3.40058211938808
27460066003_1,5.56433699937391
27460066003_3,4.10749701059959
27460066003_5,5.82723020054242
27460066007_3,0.274757226022014
27460066010_2,0.373197468025797
27472037002_2,0.107364836603371
27472037011_1,2.00056530646248
27472037011_4,0.0377760669426958
27472037014_3,0.0645892641033921
27475028001_4,0.12572107131531
27475028001_3,0.0515665790221431
27481043011_2,1.00141223125912
27481043015_6,0.170949836022257
27481043015_1,0.998315574618873
27481043015_7,3.5233798804915
27499006003_2,1.01231379979596
27499006013_3,0.180133397864373
27499006013_2,0.305003502890585
27502013003_4,0.070344918006906
27502013003_5,0.115377937015938
27502013003_2,0.187155832149456
27502013013_2,0.16777775765922
27505014018_1,0.619105356763798
27505014018_2,0.379979973597816
27511022013_1,3.21523142809524
27511022013_2,0.932324561751089
27511022015_2,0.0343375724782739
27517004004_2,0.258193667978935
27517004008_1,0.35214572226585
27535024008_1,2.23020666400075
27535024008_4,0.0801444812830895
27535024017_3,0.0280023224806646
27538007010_1,1.11998088942573
27538007015_3,0.0403290526584955
27538007015_4,0.0541180836925023
27547042003_2,4.85268429888978
27565019002_2,0.788765125986037
27565019012_4,0.760553292301728
27568080002_3,4.44265843372027
27568080002_2,5.91317291055189
27568080006_1,6.61698194863351
27568080006_2,6.20009290275639
27568080006_3,2.1499034177123
27568080006_4,4.20251210712868
27574054007_4,5.66574945083743
27574054014_2,1.75168966596781
27574054014_1,4.31117042233204
27577031003_3,3.07598362519659
27577031008_3,0.222762561366214
27589098003_3,0.624564607982013
27589098006_3,0.0835545220963953
27592088007_1,1.29802163143867
27592088007_3,0.115710475744285
27592088015_3,0.271276753991523
27601088002_3,0.0820818134349028
27601088002_2,0.311994036358184
27604069001_1,0.407473307439975
27604069003_2,0.194293206747266
27604069004_1,1.11716893439581
27604069004_3,0.609850867197414
27607018002_1,0.801902845327327
27607018004_6,0.285512825988513
27619152002_4,0.672621960085725
27622009013_1,1.30056390400717
27622009014_1,0.337389839153771
27628018012_2,0.0567720842522534
27628018012_1,0.581496715343413
27628018013_3,0.0904661844837511
27628018013_1,0.928746298652334
27643025007_3,0.274476044536475
27658011014_4,3.19895922515339
27658011014_2,2.37623718439632
27661002012_2,0.354211782064237
27673023004_4,0.617284541342378
27673023004_3,0.524922737189088
27673023013_4,0.086280528104946
27691023009_1,1.07997846812688
27691023014_1,2.0422766739672
27691023014_2,1.43823801798681
27700014011_4,0.413284394965252
27700014011_2,1.78613671611775
27700014014_1,4.23863179104057
27700014014_6,4.28903856404692
27703005014_4,5.20658377867014
27703005015_1,3.25262630638496
27706001005_2,3.25807190054974
27706001010_5,1.12142648297737
27706001015_3,0.337864275461897
27706001015_2,0.870858005705571
27706001015_4,0.4105076303732
27709004003_2,0.397386720411087
27709004008_3,1.87393483284513
27709004008_4,6.04459697887173
27709004012_4,0.928910073196259
27712012005_5,0.794124421379246
27712012006_5,3.19818644519853
27712012017_2,1.36663693030321
27718008002_7,3.17553048655855
27718008002_10,0.533703712419916
27718008012_3,0.160079749011332
27727001013_2,3.22958043192461
27727001014_3,0.745497126823253
27727001014_2,2.23647511978134
27763004003_3,1.07648044611164
27763004008_1,1.38275990511338
27775003012_2,0.641637629736111
27775003013_2,0.427940018533869
27788008014_3,2.93880834863889
27788008014_1,5.64453938720442
27788008014_4,4.1000240098441
27793001003_1,3.57590802571143
27820005011_4,1.1379368240385
27820005011_3,0.892783205950883
27847004004_2,2.46852194295313
27847004013_2,4.42734531350297
27862007001_1,4.7614534835577
27862007009_4,2.45799437929658
27862007009_1,4.34297154680826
27862007014_3,2.70769191765936
27865004006_1,4.81567870388186
27865004010_4,0.350992402631442
27865004010_2,0.665802485259641
27865004011_4,2.20096627767272
27865004011_2,2.78140056299393
27883001013_1,5.03278961993305
27883001014_4,0.655800933419696
27883001014_3,0.495335595861034
27904015013_4,1.4045832249316
27904015014_3,0.317862312402188
27904015014_2,0.328397812314118
27910004008_1,0.703099532427185
27910004013_3,1.42249872031169
27910004019_3,1.19215273867465
27922001005_6,2.30175369193357
27922001015_1,2.85585209895213
27937003005_3,2.44899878829309
27937003017_1,2.38284948359178
27952003012_2,1.13458676291019
27958020014_2,2.10878130480421
27958020015_2,1.70098712925557
27967021012_4,0.446102138696327
27967021012_3,0.291687117985657
27976073011_1,1.47479638407876
27976073012_3,0.949579745740442
27976073013_3,0.551749206419905
27976073013_1,0.82191566520312
27982029006_3,0.82225807354481
27982029006_4,0.97925031643428
27982029007_2,1.39766299195213
27982029011_1,1.97544713894539
27985030003_3,0.438463578610647
27985030003_5,0.467706278318285
27985030007_2,1.18669454615234
27985030007_5,0.122749279444041
27994011011_3,1.13353634176662
28003017013_3,0.0971202555447854
28003017015_3,0.133744763998188
28018010016_4,4.26710411554281
28024012002_2,1.35166831616784
28024012002_5,0.313236963618697
28024012014_3,0.89189825549106
28030010012_2,1.0977803367054
28030010013_2,2.01590520066889
28045005013_1,0.829784339357577
28045005014_7,2.14089569813604
28045005014_2,0.789109144405948
28045005015_2,2.33964597232501
28057023014_2,3.51551013350816
28057023014_3,1.52689164045866
28057023014_1,4.36603240191968
28066008013_3,1.34988314201243
28066008015_1,2.00441636708259
28075004013_2,0.787686134137532
28075004013_4,0.318101902507962
28075004013_1,1.011799222075
28075004014_3,1.39088437320227
28105005003_1,1.61715352528876
28105005003_3,0.750337250301154
28105005013_1,1.82032677937825
28117022013_2,6.00338390424444
28117022013_1,6.33430226251888
28117022014_3,0.451771921791417
28117022015_2,2.0968014420029
28117022015_4,1.26604203876583
28120009010_1,1.29545335071384
28120009010_6,0.591455843119801
28129003014_4,0.122652666502115
28129003014_2,1.4078902224756
28129003014_1,1.53828415213315
28129003014_3,0.304676546791985
28156012013_6,0.220499381585156
28156012014_3,2.61947462477101
28156012015_4,0.303577712166709
28156012015_2,0.689223688497522
28156012015_3,0.34917518077655
28162001005_1,0.305076983860419
28162001005_3,0.0725965371650149
28162001015_3,0.144159902327695
28165027013_1,1.86752340965257
28165027013_3,0.118947016146012
28165027014_6,0.0616845171088342
28165027014_3,0.179109575014722
28180013003_3,0.217484285392169
28180013003_1,0.495414494588804
28180013008_6,0.067491907410128
28180013013_1,1.55261388275746
28180013013_2,0.831285284980498
28189007005_1,3.57678945495957
28189007010_2,0.146248330544742
28201005013_1,0.739165982638251
28201005014_2,0.21824524811725
28201005015_1,1.39500709233396
28201005015_5,0.717943751692039
28201005015_2,1.36301159816519
28201005015_3,0.179258356628171
28201005015_6,0.259511171636825
28210007013_1,0.794646807818876
28210007013_5,0.908818226384525
28210007013_2,0.487008348703632
28210007013_4,0.325646095237806
28210007015_3,0.247231796801954
28210007015_1,0.728329427440061
28237008005_1,1.72349485634533
28237008005_4,0.182359442725402
28237008010_3,0.52894161547783
28237008010_1,1.40145703667596
28237008014_2,0.668699134039666
28243003011_2,1.04097118349751
28243003011_3,0.379870866896994
28249015002_2,4.15094014273486
28249015007_1,1.74249204452271
28249015012_1,3.51758746076293
28249015012_5,4.51197513745044
28249015012_3,3.08717003022569
28252012011_3,1.14089902183822
28252012012_3,2.61118312879486
28255002001_2,0.503423999895933
28255002001_3,0.742138973047734
28255002011_1,2.1796191677388
28258003008_3,0.696006672244029
28273023012_3,0.377511960295735
28273023017_3,1.565323376562
28276006002_2,1.30391658396336
28276006002_3,0.728812315439136
28276006012_4,2.41555758148442
28276006012_3,2.28403323118107
28282005006_1,3.21588405762343
28282005014_4,1.91162215225644
28282005015_4,1.65141885098413
28285033008_1,0.823436422160313
28288036011_1,2.01386893321449
28288036012_2,0.664391475412994
28291010008_1,3.14477840625844
28291010008_4,0.657778480880206
28300004014_3,3.18316942350356
28300004014_4,5.12100768133429
28300004015_5,3.105405999519
28300004015_2,4.73439972454904
28300004015_4,4.08977512563576
28318010007_3,2.91297216713814
28318010016_1,5.09672955347812
28339016011_3,1.5625456989823
28339016011_5,0.495575363555356
28339016012_1,1.87240770348242
28339016013_3,0.636741298142156
28357008012_2,4.81624816588379
28363008003_1,1.95148487522343
28363008008_4,0.401378597651313
28363008008_1,0.493663463207683
28384002004_6,0.401396599651895
28384002014_1,0.107483800262521
28387006014_5,3.73283573505421
28393003015_3,2.1475987430213
28393003015_4,5.67711688088642
28399018011_6,1.70166135367247
28399018011_4,0.948756581642566
28399018011_3,0.563278580142566
28399018011_7,2.96166169159425
28399018011_8,2.82968702122719
28399018012_2,2.45161140196409
28414020003_5,3.90925088041216
28414020003_3,0.670064355837556
28414020008_5,5.08678019597517
28414020008_6,6.53644498548181
28414020008_3,4.62640842046083
28423016013_1,2.83022101550335
28423016013_2,4.2906373389031
28423016014_2,4.63066136449804
28429028013_3,2.29295554183697
28429028014_1,5.33037520334288
28432002008_2,3.6636081924202
28432002008_1,3.87176233818227
28432002019_1,1.73518483797502
28432002019_5,4.40012587928954
28444019008_2,5.0590369429179
28444019008_1,5.38812885290589
28450008013_1,4.35911662350551
28450008013_3,3.22001336068324
28453001003_2,5.80867063724201
28453001007_2,5.45274848531389
28474007003_2,6.07277997942974
28474007008_3,2.52887569229723
28474007013_2,1.16559878092173
28480011001_4,2.63425900047446
28480011001_1,4.72616652611821
28480011001_2,4.68505558761829
28480011009_2,3.81743312478934
28480011009_1,4.09601768474371
28486014008_4,3.87335225220791
28486014012_4,3.08257782420936
28486014012_6,5.46652431167833
28492003013_6,0.0883357664606407
28492003013_4,0.377407499091592
28492003013_2,1.66410907899994
28492003014_2,0.463167326676732
28492003014_5,1.92577819492192
28492003015_5,0.368574330045612
28498013011_2,0.366573113713675
28498013011_4,0.377162519172447
28498013011_3,0.252300976459054
28498013013_4,0.654374136415244
28525056012_2,4.00247833786841
28525056012_4,3.77592811713919
28528009013_1,5.52826788453184
28528009013_3,4.19344182541495
28528009014_2,5.44013923302566
28528009014_3,3.30954541025499
28528009015_3,4.41443944056035
28528009015_1,4.24192178838673
28528009015_4,5.11818837212501
28534036004_5,4.26951040939397
28534036004_1,4.95543338388894
28534036004_4,3.59920732408334
28534036009_1,4.12117585520898
28546007012_2,3.18887213479827
28546007013_1,4.57766550696564
28546007014_3,2.3121048046176
28549016006_3,0.935096413230566
28549016006_1,0.548393560041209
28549016011_2,1.84525035573419
28555006013_3,2.97828358941374
28555006014_3,3.36469390437999
28555006015_1,3.31506050543036
28558007008_1,4.32647150460216
28567018012_1,2.19507317618722
28567018013_2,3.86182820114768
28567018013_4,3.00976053916102
28588012010_4,0.940375114477765
28588012012_2,1.73236536241372
28606013013_2,0.664583511564926
28606013013_3,0.190952702628149
28606013014_5,0.325167397430684
28606013014_6,0.0786288209734645
28609007004_5,0.709733475157216
28609007009_3,0.7262592750293
28609007014_2,0.220249294627104
28615003002_4,0.289328130644891
28615003007_1,2.49497855454563
28615003015_6,0.152738244280666
28636002013_1,2.68285390791587
28642010013_1,1.76539882537968
28642010014_1,0.448553958197027
28651008013_2,0.289407643686619
28651008015_1,2.9486314558069
28675022012_5,0.200848280716377
28675022013_3,0.235705784969837
28678005002_2,2.34585094381038
28678005014_2,2.9529052424427
28678005014_1,2.21053970596589
28684019013_2,0.177579402626868
28708030015_1,3.58031818738509
28729001013_3,3.34373464536125
28729001015_1,3.52336392560372
28738005011_3,1.06496708633807
28738005011_4,0.418537358898501
28738005012_4,1.41326674882197
28741023008_1,1.97403621256198
28741023013_5,1.51669247618494
28747010010_3,1.47677409069385
28747020004_3,0.362094119955208
28747020014_4,1.1305125755131
28757002015_2,0.482273074229398
28765003013_2,0.270008191043231
28765003015_1,0.18405852165262
28765003015_2,0.214007741783909
28783002006_4,0.204188493117646
28783002011_3,1.54314411185424
28786005007_2,1.37321234433327
28786005007_1,1.49218772064047
28786005012_1,0.324993457520774
28789005013_2,0.600340668388741
28789005013_1,0.355693693369756
28789005014_4,0.33808836752512
28789005014_2,0.919461488813571
28789005014_3,0.240299712103313
28789005015_3,0.381450705864199
28789013029_1,1.55366001921731
28789013029_2,0.611150066776337
28789013030_1,1.82620570258839
28792005013_2,0.124884412291732
28792005015_2,0.162408229384382
28792005015_5,0.174997100230635
28807024015_2,0.226007628989728
28825023015_1,1.24752934622174
28834002013_1,3.83592662319415
28834002014_1,0.692087842515447
28840019001_6,0.471611386337091
28840019001_4,0.156923468961413
28840019008_1,0.939344993441706
28840019013_3,0.312391978642303
28843003028_7,0.81446338808268
28843003029_2,0.431517438776522
28843003029_5,0.441097620117702
28843003030_3,0.238524527339502
28843003030_2,0.618414658059344
28843003030_4,0.153887847092912
28846001014_2,0.487127973930855
28864004028_1,3.06748299990071
28864004029_4,0.388940410503515
28864004029_1,1.33882205343546
28870011006_4,0.309950818804029
28870011015_2,1.83763043228685
28870011015_1,2.3265610172145
28873002012_2,4.07437834946441
28873002012_6,3.2255159274007
28873002015_1,0.239057816787695
28879001014_1,2.63926546583527
28879001015_3,0.224160711935547
28897002003_1,0.622483390069182
28897002013_3,1.12925084715479
28900005013_1,4.16365365830936
28900005013_2,3.81058333204814
28900005015_3,1.59705558857219
28915002009_3,2.34418700340528
28915002014_4,0.683416705408659
28915002014_5,1.12017231189852
28924012013_6,2.0166055686534
28924012013_1,2.10475172578703
28924012014_2,1.47345997677747
28924012015_1,5.69419375994997
28936016013_7,0.0952816815669387
28936016015_2,1.91187245843509
28940002012_1,4.96224436071889
28940002013_4,0.204830713577606
28957005001_4,3.16178110856829
28957005001_3,1.17463630578709
28957005009_2,0.644540861317201
28957005014_1,1.60959548376736
28969010013_3,3.46995220343885
28969019010_1,0.621307574365438
28969019011_7,0.0888121186925344
28969019011_6,0.0882692474575525
28978010012_1,1.50698933835875
28978010013_2,1.38821583728099
28978010014_3,1.83581733580035
28978010014_2,3.58919386933031
28987006003_5,1.44923474949526
28987006003_2,4.60864765373539
28987006013_2,0.60160225704076
29011005014_2,5.56585713655201
29011005015_1,2.29793491885966
29011005015_2,1.69937427424813
29014001013_1,1.36025528537161
29014001015_1,1.48378802819986
29020010013_1,4.88343187332893
29044016002_1,3.26208723829233
29044016002_2,0.990304386633093
29044016011_1,3.74537556173861
29044016014_1,2.06985737773897
29047012014_2,1.01215379738092
29047012015_2,1.77107917566398
29053006015_1,4.51638513787488
29065010013_1,0.371555340143193
29065010014_1,2.90096711905349
29065010015_1,2.05737354177014
29086013015_2,4.5850722369511
29098008013_2,1.86690036015831
29098008014_3,0.366374638479519
29098008014_2,0.759421139472681
29098008015_1,1.77437244543045
29098008015_2,2.10024066140734
29098008015_3,0.913951770436174
29098017015_1,4.18694130117338
29098017015_2,4.15088300334664
29107008013_6,1.77813483556329
29107008015_2,0.475588137782398
29107008015_1,1.28687078130445
29146008013_4,0.131218739740237
29173009002_2,0.679108203314755
29173009002_6,1.777323382847
29173009007_2,1.09102460603189
29173009014_4,0.276544084556093
29173009014_2,0.614828174614557
29182007002_2,4.2121633991275
29182007011_1,2.63853359691583
29182007014_3,2.82446460780687
29188011013_2,2.33348921605808
29188011013_1,2.85421098019267
29188011015_2,3.62764537527309
29191007028_1,2.86016108065653
29191007029_2,2.95863011631449
29191007030_1,4.0006206202895
29221015028_1,3.67612304536343
29221015029_1,1.45320703479615
29221015029_2,1.59379182231955
29221015030_2,0.990886218860671
29233007014_1,0.76777523082265
29236003001_3,0.252208982396182
29236003009_4,0.20381865823794
29236003018_3,1.04222418979705
29245001005_4,1.63469370866388
29245001005_2,1.16978906526991
29245001005_3,1.50655291466968
29245001005_1,0.667280115989054
29245001010_1,2.24463150748114
29245001015_2,0.421020434003106
29251006004_1,0.732653914514704
29251006009_1,1.03879333538807
29251006009_3,0.183042304995811
29254019011_3,0.236885355400683
29254019011_2,0.60443936116156
29263007015_2,1.5585397578174
29263029015_2,0.63817871182468
29269003002_1,1.21095250082866
29272004001_3,1.88761797007404
29278019015_1,1.81062847072251
29284008013_3,0.398062795458658
29284008013_2,1.65156417758684
29290022005_3,0.753142040833542
29290022005_1,3.33043163093375
29290022010_4,2.43812379481379
29290022015_3,0.398691343882067
29290022015_2,0.294119647721309
29299012005_3,1.05986505037066
29299012011_1,1.14297045754036
29302014003_4,2.65951168904094
29302014012_3,1.50770761721677
29308010005_2,1.59370372447424
29326016015_2,0.661300762017823
29326016015_6,0.103416584920577
29326016015_4,0.178753902581425
29329008014_3,0.207689549711876
29332010003_2,1.13901635007522
29332010013_1,0.785486843818754
29332010013_4,0.922908375859
29347002014_3,0.248822275166309
29353017003_1,4.2163944443667
29353017007_5,0.93961884981071
29353017007_4,1.36970334456186
29353017007_3,0.84335297742452
29353017007_1,3.77762101904382
29353017012_4,0.165501852026819
29359005011_5,0.235545395483907
29359005011_6,0.507191958222802
29359005012_3,0.36914359478761
29359005013_1,1.44812071091765
29362001005_2,4.1502083963616
29362001005_5,1.39504437148873
29362001005_4,0.807686542661124
29362001010_3,0.836692285682695
29362001010_1,2.48626414218586
29365019005_1,2.49767254866863
29365019010_3,0.714094290642655
29365019010_1,1.92966584720541
29377006013_4,0.12078144213827
29377006014_1,0.641663938131518
29377006015_6,0.652005719450786
29377006015_4,0.415121669923873
29377006015_3,0.107460091900108
29398009003_2,4.51841045627626
29398009013_1,1.98210902165431
29398009013_2,1.50955950536476
29398009014_4,1.33650582229845
29398009014_2,1.74156673237869
29398009014_3,0.63707379448581
29401018003_2,0.0507374578006246
29401018012_2,3.02040260976495
29404012010_1,0.648006323747568
29404012015_1,1.00623174023884
29431020009_2,0.271235638766303
29431020013_4,0.122039741983385
29440011010_4,0.0978609192373568
29440011010_1,0.515609510820667
29440011015_4,0.489852759251509
29455008012_1,0.62910933216092
29455008012_2,0.414463743827321
29455008013_2,0.144160922996053
29455008014_3,0.200854105092979
29455008014_1,0.74672274670729
29461010003_2,0.734423025485284
29461010013_2,1.39770498762464
29462003012_1,3.47455152637715
29462003013_1,0.0601529593098302
29464023002_1,0.243487245817007
29464023012_2,0.907737952512282
29473018005_5,1.4128440075582
29473018005_1,1.19805342127086
29473018010_2,0.599317210999611
29473018010_4,0.115646516146169
29473018010_6,1.27848863384405
29473018015_4,1.16533946453178
29476014003_4,0.133503901288254
29476014007_3,0.433562871782114
29476014007_4,0.57126785905285
29476014012_2,1.27319355761524
29488013011_3,0.456030489414011
29497008005_2,0.969006110761871
29497008015_3,0.104577051896173
29503003007_2,0.580541282582633
29515009012_1,0.797959893925516
29533001013_2,4.66319284964362
29533001015_6,0.599128954788301
29533001015_4,0.135520277434645
29539007010_1,3.68815920508756
29539007015_2,0.845918709491384
29542017001_1,3.30690437324112
29542017001_2,3.48778217823661
29542017001_6,3.52032383992465
29542017001_4,3.66825299170835
29542017014_2,6.41148695467915
29542017014_5,5.13230283431174
29545030008_1,5.64876825551044
29545030015_3,2.82805612394641
29545030015_1,6.6204933588615
29548005007_3,3.31055235053574
29548005007_1,4.71055710591588
29551010007_3,4.47965350932915
29551010012_4,6.0226130405206
29551010012_3,5.16954187942003
29554008008_1,6.61346903950309
29554008008_2,5.38915163531636
29560011015_2,4.30646488813391
29560011015_3,2.2025938906286
29563003008_4,2.55904458652155
29563003008_1,4.6714288200953
29563003013_3,4.50873575015379
29563003013_5,3.76735349222748
29569005003_2,5.61409751609345
29569005013_1,2.39055232930359
29569005013_2,0.581047957686601
29575014014_5,3.97125523772418
29575014015_1,5.60035824912775
29578002014_3,2.74603133062479
29578002014_4,5.18827891435042
29578002014_1,3.33007469740657
29578002015_2,4.02960497214456
29578002015_1,4.01823018707031
29584007013_3,4.08979311637749
29584007014_3,4.61582056247762
29590014013_1,4.56106431064217
29590014016_1,1.11581476452096
29596010002_4,4.73400943743653
29596010014_3,2.64736716489711
29596010014_2,2.64550031435473
29599005002_1,5.56251845338083
29599005011_4,3.12432101228399
29599005011_5,3.00682124028273
29599005011_2,5.28134125173152
29599005014_3,4.08674412276344
29611023002_1,4.17278986273335
29611023006_2,5.12641140291918
29611023019_3,3.8917861334458
29623008014_1,6.20527498314776
29623008016_4,6.54367754374062
29623008016_5,4.54727439391562
29623008016_1,6.32188556039672
29629018002_1,5.21789682174602
29629018015_1,3.98474430756909
29638009014_6,4.03092049342973
29647006008_6,3.60275854401003
29647006008_4,2.95400015296935
29647006013_3,0.536514915008808
29650001003_2,4.92477106029326
29677009013_3,4.17573588329994
29677009013_1,4.62776808681131
29686005014_1,6.15486623457333
29686005015_2,5.47596503145716
29689003003_3,0.707884537709341
29695011001_3,3.32951241167209
29695011001_2,5.49253040821816
29695011008_1,4.2525962110369
29695011008_3,3.31351417309284
29695011008_4,3.20571365729876
29713003013_1,1.90487113898612
29713003013_3,0.710365350544899
29713003013_4,0.769222079969459
29713003014_2,1.27530479908567
29713003014_4,0.769586440328857
29713003015_1,3.31804176129854
29713003015_4,1.02001804364728
29725002002_2,2.85754303195786
29725002006_1,2.88920919406432
29734012008_2,4.70057947357104
29734012008_1,5.1713405065046
29734012014_5,5.45504359258873
29734012014_6,5.50644177432187
29752005013_1,5.91294198562197
29752005014_3,1.04997524414551
29752005014_2,2.20073346669077
29752005015_3,1.80889106732694
29752005015_2,3.36954957458875
29752005015_1,4.19911471988342
29755010011_2,6.51465747362297
29755010011_3,2.70908735344778
29755010015_4,3.60068644154467
29758005001_1,4.70510930995693
29758005009_5,6.50608898344792
29758005009_4,3.5400274661366
29758005009_1,3.87919601935359
29770013014_3,0.879015608038515
29770013015_1,1.52567595664374
29770013015_2,2.47513630986195
29788003001_1,1.35055212259098
29788003007_3,0.8473768340485
29788003014_1,4.39238895326818
29791020012_2,3.17638260770452
29791020012_3,2.89357680273871
29791020013_4,0.176276939954775
29794011008_2,0.955967083740952
29794011015_2,1.62396102478028
29794011015_5,0.668322994422473
29812009012_3,1.82975548973068
29812009013_1,2.70428343998938
29818011001_4,3.01462832140812
29818011008_5,0.363327698692293
29818011008_4,1.11012396812278
29818011015_1,2.10980143287298
29818011015_3,1.03408258124424
29830010001_1,2.65723338927865
29830010015_5,3.4413081938951
29848001002_2,3.56744569422338
29848001002_3,1.86538529606523
29848001011_1,2.74426183014245
29848001011_4,4.21887605880512
29848001011_3,2.97870084434071
29851003013_2,1.27267747059185
29857011014_3,0.754975251680033
29863017010_2,3.30032208164616
29863017010_6,2.97128406371716
29863017015_3,3.34044224315258
29872016012_5,4.9258722902316
29872016012_2,5.31570150870012
29872016017_1,1.82578160889431
29872016017_2,1.78884716583229
29872016018_1,5.16917114573508
29881003003_3,1.8280491630101
29881003012_1,0.902307662671994
29881003015_1,3.80505400470783
29887013003_1,3.21893406845317
29887013007_2,1.79181908911897
29887013011_1,0.607219295519862
29899023013_5,0.872304126612727
29899023013_4,1.82548322861732
29899023014_4,3.69321898578929
29899023015_2,3.44939385917015
29899023015_4,1.20677806945766
29899023015_3,3.04682826120115
29902014007_5,0.513944277060904
29902014007_4,0.446059746248666
29902014007_3,1.07997517992883
29911007004_1,1.35739090201328
29911007004_5,0.109913678426538
29911007008_1,0.389278849877796
29914010008_4,4.39808831178128
29914010008_2,4.818050575977
29914010014_2,0.692674189838311
29914010014_3,0.670539066118056
29919013016_2,0.231760388278106
29923008004_1,1.54006011523716
29923008004_2,1.21835367495606
29923008004_3,0.207515228871387
29926012003_1,0.461600160861558
29926012003_4,0.225755366940884
29926012003_2,0.588620445376416
29926012013_2,1.03768798915852
29941003003_2,0.869753031475342
29941003014_2,4.36200095848293
29941003014_1,3.63397629424374
29950013004_1,1.8562823839434
29950013017_1,1.00405431381975
29965010013_2,2.14960046373132
29971017013_2,0.210173033763369
29974005008_7,0.225238550570025
29974005008_1,1.20113588171986
29974005008_2,1.06369245191351
29974005019_1,0.675224189250559
29986007016_4,4.27158099289178
29986007016_3,5.16875101054588
29986007017_3,4.08715505180319
29986007017_1,3.88461783177704
29989008011_1,4.79771183743918
29992033013_1,3.44877889631054
29992033013_2,3.34738753173376
29992033014_2,5.00258804654272
29992033015_1,4.3075166575335
29998024011_2,1.53064965660738
29998024016_1,0.596375549048235
30001014016_3,3.97828889147226
30001014016_1,4.39959487340065
30001014017_2,2.49925111976082
30019001013_2,4.91907465757494
30019001015_1,3.576723257504
30019001015_2,4.90992036878564
30028014012_3,1.84527634866703
30034007007_1,1.43069701744326
30034007012_3,3.8837413585615
30049001003_2,0.74009671945226
30058006013_4,0.258175739122722
30058006014_4,0.318218092156124
30061022008_1,0.392218099049564
30061022013_5,0.492338108309193
30073020003_7,0.12112357910399
30073020007_1,3.43544889101842
30073020007_2,0.615106575186977
30073020012_2,0.476648031150541
30076027002_3,0.0346801597220061
30076027002_1,1.35320581440084
30076027006_2,0.725997771978663
30076027011_3,0.0391066357012586
30088002013_3,0.752481128972211
30088002014_3,0.355714898180568
30088002014_4,0.344584957677572
30097002011_1,2.61511525137717
30097002011_3,0.289300078842182
30100011002_4,0.298949345781255
30100011015_1,4.66576996483512
30112015003_2,2.67014577275697
30112015003_6,0.450098760323645
30112015008_3,0.162914664828755
30112015013_5,0.16422319389233
30112015013_4,0.0773101879612901
30121009013_2,4.13004364448379
30121009015_1,0.322748800392633
30127003014_4,0.14341078562753
30151001011_1,3.12075312738863
30157009003_1,3.85568365702634
30175010002_1,1.92646171368382
30175010011_1,0.994758050646581
30175010014_1,0.421868156641707
30181012012_4,0.0552396788173475
30187015004_1,1.02168708692363
30187015004_3,0.0482249490484574
30187015008_4,0.105095270172767
30187015012_7,0.501621260504498
30193001002_3,0.0499752506040236
30193001015_5,0.03727126757515
30199024007_2,0.693913821034228
30199024012_1,2.88049438886818
30199024012_2,2.6259928358396
30205012003_3,0.558881486023423
30205012003_4,0.190992967776366
30205012003_2,0.181689377378291
30205012013_3,0.123444977532585
30208026003_1,5.25923231898375
30208026003_2,3.74381464330137
30208026003_3,4.11787495304992
30208026008_2,0.252941375704738
30214018008_4,1.42195930198677
30214018008_6,3.08400429373363
30214018017_4,0.177266860365136
30226019002_3,1.54650666811728
30226019002_5,0.0988616730210915
30226019007_1,1.32028399131412
30235011004_3,0.0303726269875743
30235011004_4,0.0726749758824159
30235011008_2,0.19515441859965
30241016003_2,0.0716598826651854
30241016015_1,1.23282401426294
30250008014_2,4.31577415064578
30259032003_6,1.16916942385668
30259032015_1,1.72471513561398
30259032015_3,0.375332657855967
30259032015_4,0.305216822347134
30274011015_1,1.83724488180277
30274011015_2,1.74989596353497
30277008013_1,3.66624228408598
30277008013_3,1.73877830705569
30277008014_4,0.406262399845805
30277008014_5,0.208508527760252
30277008014_3,0.165575939726951
30277008015_2,0.49238253552953
30280007008_1,3.42877416271388
30280007008_2,0.44163118456135
30280007012_2,0.830071785213408
30283009012_2,1.17929775353906
30283009012_1,1.73930644552927
30283009013_3,0.365056138320997
30283009013_1,2.93727280151756
30285005015_1,1.38999050975618
30295007014_2,3.22175596913362
30298006011_2,0.282673148632021
30301053001_2,5.45532620399319
30301053008_5,0.255394047723141
30301053011_3,0.433011424952723
30310007002_4,1.55430793084025
30310007012_1,2.0573873287545
30310007015_2,1.09706100888548
30313032011_3,0.17333211574014
30313032013_1,3.12693792256559
30316058014_5,4.82430010467499
30316058014_2,6.69502428975862
30316058015_2,4.32175113265488
30322016009_4,2.37790812746526
30337023004_4,0.148816473465795
30337023009_2,1.04735611889633
30337023009_3,0.190567317530518
30337023009_4,0.591515721360984
30337023014_2,3.77721213000163
30337023014_3,3.28995450437054
30343005003_3,2.33478680571178
30343005008_1,1.24386321570769
30343005013_2,2.46899182981205
30349028012_5,0.117838214788917
30349028012_1,0.204332982451218
30349028013_6,0.5010808882723
30349028015_1,1.30942138630037
30352013013_5,0.104152435337735
30352013013_4,0.79872501597985
30352013013_3,0.386137936735582
30352013014_1,0.378627393652405
30352013015_1,1.43132837769139
30352013015_2,0.697305930794838
30358013009_2,1.37142995746333
30358013009_3,2.81044608122842
30358013009_5,3.34377426153435
30358013010_3,0.120427919402557
30358013010_4,0.576271346343946
30358013011_6,3.85035186702953
30370001013_3,3.39060776880413
30376020013_1,0.770823155507168
30378018015_1,1.24245283911671
30388019013_3,0.332746421449508
30388019013_2,2.08158430109186
30388019015_1,0.798987043363956
30388019015_3,0.635945243174982
30391005001_1,4.12026635466806
30397029014_1,2.65788687983344
30397029015_6,0.253681198048902
30415018011_2,0.542632552444026
30415018012_3,0.179102364072772
30421001013_4,0.590581896421166
30421001013_7,0.661341512489894
30421001013_6,0.882440139368944
30421001015_2,3.34354208340242
30436013015_7,0.241089584750619
30436013015_2,2.3872541238505
30436013015_5,1.00076522260235
30439002013_3,0.626707817381756
30439002013_4,1.43539576115448
30439002014_4,0.215500890578237
30439002014_2,0.716882035100014
30439002015_6,0.595145250477061
30439002015_5,1.97613816767903
30439002015_2,1.58273542434215
30451002006_3,1.01113284021541
30451002011_6,2.40774412355171
30451002011_4,1.34943936077514
30451002011_3,0.656308775006433
30454010011_1,3.4191026120257
30454010012_2,1.08447056171062
30463023012_3,2.32675640593906
30463023012_2,2.9023151863509
30463023015_3,0.53351122523392
30463023015_1,2.04951674611167
30463023015_5,2.80614870190916
30463023015_6,3.46016878562314
30466010013_1,2.15605298332662
30466010014_4,0.115349916067735
30466010014_1,0.349440647861964
30469036013_4,1.17102589407097
30469036013_1,3.63578202918276
30469036013_5,0.393421804203974
30469036014_4,0.164064711588635
30469036014_1,0.867882170843874
30469036014_7,0.753766068891695
30469036015_1,0.707842525570873
30472034002_2,0.405740015827366
30472034007_2,1.14836923463749
30481018014_2,1.02590330938318
30481018015_5,0.108571348939528
30484030001_3,0.26735109368023
30487009013_3,0.201888273920274
30487009013_4,0.244192910801384
30487009013_2,0.783028114356151
30487009015_3,0.150571957921176
30505009013_2,0.0837472980508249
30520007012_1,1.37077972878388
30526015013_3,0.799218014391262
30526015015_1,1.08004356385566
30529003011_1,0.226430078383866
30529003013_3,0.651804038183135
30532008007_4,2.12264887763092
30538024013_1,2.14743125588861
30538024014_2,0.370463764776298
30544027013_1,0.644882512582199
30544027013_4,0.0502680067422791
30544027015_5,0.458861217053784
30583012012_1,3.26346711848901
30583012014_1,0.222335810066309
30583012014_2,0.800293553029196
30586014001_1,0.220631388638201
30586014013_2,0.61607118886752
30595013010_1,1.24120114542168
30595013011_6,0.198749456599928
30595013014_1,0.530967265626826
30607044001_1,4.9582141948307
30607044009_4,1.09719367551749
30625015013_4,0.0518317661727375
30631003012_2,0.0669505858692012
30631003015_5,0.14330991076954
30631003015_6,0.484639420209616
30631003015_1,0.284573076345963
30634044013_1,0.528542007126691
30634044013_2,0.559966294238284
30634044014_2,1.29930078230252
30646034014_1,0.194427099605293
30649037013_2,0.281631804761049
30649037013_6,1.08052344367738
30649037015_1,0.406189056524988
30649037015_4,0.0415745551549407
30652006013_1,0.844488119609398
30652006014_3,0.0942051811503079
30652006014_6,0.728253713041103
30652006015_3,0.0850970341495086
30652006015_1,0.19381875505277
30655014015_4,0.287357963518678
30655014015_1,0.699788873856723
30664024008_1,0.892107319309205
30664024012_2,0.819367306663523
30664024012_1,2.20028223860437
30673013013_1,0.134149597860976
30673013015_1,0.340097508863788
30673013015_2,0.175892138011403
30679003013_1,0.827945555569531
30679003013_2,1.15180019873382
30679003014_5,0.12546373303833
30685022012_1,1.63787846233933
30685022013_3,1.04452073349419
30685022017_1,0.920860318682171
30706005002_1,4.73272440088592
30706005015_2,0.642641749249192
30724011011_3,2.06901190646888
30724011012_1,1.44614828766545
30724011012_2,1.74580583776366
30733024018_1,0.367555252118613
30733024019_1,1.38273363566214
30736043013_2,3.43101601928971
30736043016_1,2.45611580715132
30736043017_2,0.834121479638736
30736043017_1,1.77901233245422
30742010012_3,0.959325774520624
30745026019_2,2.04402522675553
30748021025_3,0.365471755400458
30754012013_2,1.89346111567644
30754012013_1,2.27926394065471
30754012016_1,0.796364709666226
30754012016_5,0.228380341649384
30754012020_3,0.271038733227743
30754012020_1,3.21275147033548
30757001012_5,2.02448892705875
30757001015_1,0.645234055962076
30763021013_3,0.428664261072465
30763021016_1,0.946729426825372
30763021017_3,0.447275686893736
30763021017_2,1.06893869407506
30775010014_2,1.82032729200494
30775010015_2,0.0151099006691662
30778006014_4,1.13352462198866
30778006015_4,3.08154756415933
30784011012_2,2.40786536809685
30784011015_2,1.42331425597062
30784011015_3,0.231939352974805
30787026011_1,3.09897018995813
30790006012_4,0.485493822522166
30790006012_2,0.997641341356445
30790006015_2,2.19691678904292
30802007002_2,1.93387764551659
30802007015_4,0.370901405096007
30805007013_1,2.41384687422945
30805007015_4,0.747230475716638
30805007015_1,3.00646980799163
30805007015_3,1.08306203159093
30808003009_2,3.31156603328918
30808003009_3,0.458256615964079
30808003014_2,0.53795405277472
30808003014_3,0.314351531333625
30808003014_1,1.42314712398604
30808003014_5,1.42214925268798
30820017019_9,0.210430886686517
30820017019_8,1.08980129955628
30823015018_1,1.63516866254096
30823015020_5,0.370412762048947
30823015020_1,2.5762008870046
30829013003_4,2.36407228656489
30829013003_3,0.432518419632886
30829013003_6,3.06216712075022
30829013012_2,1.44688550556066
30829013012_1,1.47587032889927
30835012009_3,0.866141751213979
30835012010_4,0.180683534223101
30835012010_7,0.143498580328485
30835012010_5,0.0458874149298888
30841012013_4,1.28880214211939
30841012013_3,0.744717097452975
30841012014_1,3.38128368909302
30841012015_1,2.49830841055815
30853015018_5,0.225746423516498
30853015019_3,0.622591164046871
30853015019_2,3.99902617218506
30868014014_1,0.74265385932424
30871006013_2,1.37865720939805
30871006014_3,2.28190996899338
30877009013_2,2.37588086794228
30877009014_1,0.968690513678541
30877009015_1,0.319290881124048
30880017015_4,0.275240069975356
30880017015_2,0.573015905400266
30880017020_2,0.495819558566371
30886021002_1,0.135044724612685
30886021002_4,1.32374181290795
30886021007_4,0.128493207468403
30886021007_3,0.857311690055797
30886021007_5,0.341506270879897
30886021017_2,0.65783632054023
30887014019_2,0.351317043039672
30887014019_1,1.16177273172307
30898002021_4,0.246766226943708
30898002021_2,0.678019830376556
30898002023_4,2.26711979523704
30901012019_3,2.54453866668945
30901012019_1,0.49488431967096
30901012019_2,0.744556086556168
30901012019_8,0.130866792320731
30901012021_2,0.671685783571111
30901012021_4,0.104249235805476
30901012021_1,0.605154162166793
30904026013_1,1.14140380539734
30917004006_5,0.103836843463739
30917004006_6,0.377441810466975
30917004006_9,0.174391571913517
30917004011_2,0.934169989572594
30928017014_3,0.182452327973485
30928017014_4,0.831069402006226
30928017015_5,0.1960675134416
30928017015_1,3.42054997571811
30931008014_2,1.70710361567462
30931008014_4,1.73772884305884
30931008015_1,3.86971982939592
30931008015_3,0.394474759779408
30940003019_4,3.979163405008
30940003019_5,1.2556688352756
30940003019_6,1.39255911214797
30940003019_1,1.57033076488929
30961010014_5,2.19785975500452
30961021013_3,1.61958270219768
30961021014_2,3.13398553851968
30961021015_1,3.71025278311461
30967008018_5,0.25294501710187
30967008018_4,0.410039699435699
30967008018_2,1.33005599176246
30970027014_2,1.05662205331349
30970027015_3,0.0830164894794547
30997019014_1,0.751472093262319
30997019014_3,0.0990185428137498
31006003015_4,0.244756132932952
31015009013_4,0.0259671588765317
31015009014_1,1.14454936758258
31015009014_2,1.17711571150699
31015009015_4,0.249004237287581
31018005015_1,0.486916894098904
31018005019_4,0.112381619294092
31018005020_2,0.32834469513658
31036007015_2,3.02243756536004
31036007015_3,1.61663785649107
31045010013_1,0.704750552530128
31045010013_2,1.03182101255845
31045010014_2,0.162943504943956
31054013006_1,3.28821085243633
31063012014_1,1.75238682752311
31066007015_1,2.75324566302835
31078039002_8,0.749199866797287
31078039002_5,0.360585357669494
31081035013_6,0.317348925097908
31081035013_1,2.05057903614852
31081035013_2,1.99057212760933
31081035014_4,0.567872216704277
31081035014_2,0.803269416539338
31081035015_2,0.668885942572856
31087004011_2,5.19807485478047
31087004014_3,0.415293684647263
31090006013_4,0.384250463442516
31090006014_2,3.44869273211273
31090006015_4,2.51750956119976
31108009014_4,2.43283971034004
31108009016_4,0.395921728416926
31108009016_2,1.33842711607483
31123007010_1,2.32603204856513
31123007011_4,0.821229923467073
31123007011_5,1.64893318276234
31123007011_3,0.769476014418861
31123007012_2,2.34828543359613
31126007003_2,1.06419102136978
31126007003_1,1.57002493302404
31126007013_6,1.62115662455424
31126007013_2,5.35204939373681
31129014015_3,0.179442735528383
31129014015_4,0.405348479901411
31132005017_1,1.45484691728983
31135001014_4,0.0757230694912887
31135001014_2,0.175575522724758
31135001017_1,2.93995719634689
31135001017_4,0.25940657753603
31138012013_1,1.23878158358626
31138012013_3,0.483613921555754
31138012014_2,0.303927223787197
31141006012_1,2.6243268828831
31141006012_2,2.2800618691416
31141006012_4,1.065216711064
31141006012_5,0.0731293656412579
31141006014_5,0.325347088956026
31141006014_2,0.751183303820382
31144016017_1,1.0067319504191
31147038007_1,0.756395053867822
31147065013_1,3.32781140929491
31147065013_3,0.943803916532157
31147065013_2,1.22431609165241
31147065014_1,0.70095639664336
31147065014_3,0.141581123769216
31147065015_2,0.533640936069033
31149069011_6,1.02449230955344
31149069011_5,0.0716780802398872
31149069011_1,1.00818680039762
31149069011_4,0.0829386597602672
31149069011_2,0.975162676494507
31149069018_4,0.840071754597973
31149069019_2,1.02600607623542
31149069019_3,0.0540828499832792
31150024002_3,0.12052127796787
31150024007_1,3.65025693379137
31153027007_2,2.34438978653809
31153027007_1,3.78841643837461
31156002013_1,0.972863196739058
31156002013_2,1.24933303481029
31156002014_2,0.480933390839746
31156002014_3,0.185946686778118
31156002015_1,1.83877651258921
31157021014_4,0.107132585284142
31157021014_2,3.0664192163185
31157021014_5,0.55406051946497
31162041007_5,0.0554249219299625
31162041007_2,0.285185160878805
31165007008_7,0.0510866007775236
31165007008_3,0.0707258453465768
31171016009_4,0.0590749431142136
31171016009_3,0.158664437206084
31171016009_1,2.20252659393915
31171016011_1,1.54884268415419
31177013013_5,0.0358637620578036
31177013017_4,0.0664303502529342
31177013021_6,0.0351430910910755
31177013021_3,0.0603235082223664
31177013021_7,0.0618348095932756
31186007010_1,3.96827632733792
31189014016_6,4.83441314960971
31189014016_4,3.75426102814369
31189014017_3,2.41965945467025
31201012013_1,6.02775678350199
31201012022_4,4.245906949995
31207002009_2,2.0735587610727
31207002009_5,0.498704270365063
31207002009_6,0.405986333840591
31207002009_4,0.843878835971825
31207002009_3,0.415908212355364
31207002025_3,1.02652726112577
31207002026_3,3.27914371169387
31213017010_2,1.48011646632006
31213017011_4,2.96647198216147
31213017011_2,1.90959420886029
31213017019_4,0.357544280796895
31213017019_5,0.487526373280381
31219028010_4,0.572603865224779
31219028011_3,1.25453330891962
31219028011_2,2.92955274173631
31219028012_2,0.30163900999927
31222007013_2,0.366195272951692
31222007013_3,0.166739213104528
31222007014_3,0.0709780759696084
31222007014_4,0.207736643635888
31222007014_5,0.107314945158113
31222007014_6,0.177207847259944
31228021012_1,3.79495123387973
31228021013_6,0.114166847016053
31228021013_3,0.110213939055029
31228021013_1,1.44973515291814
31228021013_7,0.101999392207423
31228021014_4,0.35096446222355
31228021014_1,1.46491775585193
31246001012_2,0.246536701109691
31246001012_1,0.327851770069009
31249017014_5,0.172279257238514
31249017014_1,0.366986936120614
31255013002_4,2.5088434985303
31255013002_5,1.62939815914727
31255013002_2,4.2543992144676
31255013007_2,2.14717867736903
31255013011_2,0.361936357636582
31268008014_4,0.676372862219678
31268008014_5,0.185877849307253
31268008014_6,1.05473696472365
31268008020_5,0.269178782020329
31268008020_1,2.35977981277133
31268008020_2,1.88122222013491
31268008020_3,0.234361470946984
31270004013_1,3.45791404070271
31270004015_4,0.415746930920214
31276001013_2,1.31695619820227
31276001019_7,0.447226524556243
31285006013_3,0.212997350151415
31285006014_5,0.0710112768680593
31291002003_3,2.0901593678988
31291002007_2,4.81158612945353
31291002012_1,1.53711398572602
31299006003_1,1.76695335761738
31303013012_3,4.12323147751606
31309022013_5,2.01879992524723
31312023013_1,2.68758360550416
31312023013_2,1.91608571102878
31312023015_1,4.59110453856159
31318004003_1,0.776481233065866
31318004008_1,0.290338460980965
31318004013_1,1.06419895575523
31321007012_4,0.094181305843598
31321007012_3,0.0447250302408206
31321007014_3,0.42490448152003
31321007014_1,0.805442101941779
31327005006_1,1.34960629743244
31327005011_1,0.434789557790482
31333001003_4,0.19883772917576
31338010014_3,0.228749567099309
31338010015_6,0.743392993481611
31338010015_4,1.37561047705146
31340006015_1,1.01923647221664
31341003007_1,2.39656611434396
31341003007_3,0.59813354547605
31341003007_4,0.387878647388031
31341003012_4,1.70772876812172
31346013016_3,2.57145308789087
31348003014_3,4.02255107888225
31348003015_5,4.93926666374993
31362010018_2,5.45164322845542
31363005012_5,5.02194636250582
31363005012_2,5.1223321796388
31363005013_4,4.05599351159882
31363005013_3,2.90953511803989
31363005014_2,3.67846277439227
31369007012_3,2.93817036929781
31369007012_2,4.8271960421638
31378012008_1,4.70562761853117
31378012008_4,3.92397740503341
31381009009_6,2.18455179846135
31381009010_2,4.28579851528393
31381009010_4,2.90319420486177
31381009020_2,3.60190562027795
31399005013_1,1.94859117754405
31399005014_4,3.07325272628057
31405013007_4,0.421853126526088
31408004013_5,3.93042955637055
31408004015_5,0.615225624446542
31408004015_2,2.37647297390523
31408004015_4,0.259244058401641
31408004015_1,3.02949118085586
31411016012_1,0.45674197993148
31411016014_2,2.26126595577925
31420038013_2,0.923961925339136
31420038013_4,1.06266975403553
31420038014_5,1.84766686897581
31420038015_2,0.90472016915335
31423017012_1,1.84539983821895
31423017012_3,0.45147843447634
31423017015_2,2.15737047005658
31426006013_1,2.3090132251841
31429017013_3,0.292159919502119
31429017013_4,0.180370152254827
31429017014_3,0.213741388848921
31432015002_1,4.35953493597027
31432015011_1,1.67507986885417
31438025014_3,0.428432283556596
31438025019_5,1.47079317954218
31444003014_4,0.332266592783846
31444003015_3,0.252388933333467
31444003015_1,2.23241583926826
31450006011_4,1.67379093235031
31450006013_3,2.89191921939669
31459002015_2,0.489328369461357
31468008013_5,0.530252269597532
31468008014_1,1.62274286115363
31468008014_3,0.97358841817461
31468008014_6,0.0963655580326677
31468008015_2,2.8176866185998
31468008015_1,3.30686707886104
31471003013_2,2.4878564161907
31471003013_1,2.93038191176652
31473009012_2,5.50691567430534
31473009013_1,5.53417948481743
31473009013_3,3.45822775738538
31480006014_3,0.272930748534312
31480006014_2,0.74544418380647
31480006015_2,5.973795195165
31486001014_4,2.00598339640343
31486015002_1,4.5750489339081
31486015002_2,4.31775374723831
31486015015_2,5.52785068458416
31490003013_1,4.4205728145312
31490003014_2,5.08070015990999
31490003014_1,4.93606566924552
31498004010_6,0.553045326293919
31498004010_5,0.226902422241983
31498004015_2,1.00534633676538
31501009007_1,3.87427345048256
31501009012_1,3.66626598417103
31504004013_5,0.780041181041679
31507019020_1,5.17896021204948
31507019020_3,2.05059909783101
31513005003_1,2.2098987983899
31513005008_4,2.8639247131931
31519011004_3,3.7299961369978
31519011004_2,4.18084832903925
31519011008_2,2.72671649544249
31519011012_1,1.54801805038336
31519011012_3,0.378701438959769
31522014012_1,1.31009405081862
31522014012_3,0.318779713974934
31522014014_2,5.3376357865126
31522014014_1,4.7728410653811
31525004004_1,2.51646227868682
31525004008_2,4.41225554031734
31534008013_5,1.48689962301
31534008014_2,2.1117143095063
31534008015_1,4.54993962410833
31534008015_2,4.24972680060313
31537008002_1,2.90214481747384
31537008002_4,0.848215117459489
31537008002_5,2.84292240883456
31537008011_1,2.06435550346406
31549017001_2,3.04436428828626
31552021013_2,3.32548816622483
31552021013_3,2.29549678123048
31561008013_3,0.307616260883381
31561008014_1,0.659156877098083
31561008015_3,0.310500349926758
31561008015_2,0.496891228318587
31564016013_3,3.15077537249203
31570011008_4,2.02826319951823
31570011013_2,0.132000596149728
31573013013_3,0.628511476609232
31573013013_4,0.264087078760815
31573013014_2,0.0628792667386721
31573013015_1,0.337318052773338
31594032003_2,0.487278455586598
31594032003_4,0.271933282849463
31594032013_5,0.228903940141006
31594032013_2,0.693177114128559
31594032013_3,0.123569400836151
31594032013_6,0.217173671079646
31594032013_7,0.658821411170776
31603019003_4,1.18972018744369
31603019008_4,0.534097666934936
31603019008_1,0.993062681435524
31603019008_2,1.39297243958599
31609011003_2,0.264956483998111
31609011007_2,1.19336776737475
31609011007_1,0.975622381747167
31612003002_1,0.689172202806878
31612003002_3,0.294372931898722
31612003007_3,0.474759640439365
31612003007_1,1.69857804517114
31612003007_2,1.34367283044984
31612003007_5,0.110799730664983
31621004002_3,0.535509377724885
31621004007_1,2.76258706430513
31621004007_3,1.41764757528412
31621004011_4,0.344191187450291
31621004011_1,0.902998094872026
31624003004_2,1.31772392077696
31624003008_2,3.63600626449776
31624003012_5,1.12333807629371
31639022003_2,1.47526341899017
31639022013_1,1.29633707348953
31642002006_2,0.693771887111716
31642002011_3,0.236555656118832
31645014002_1,0.190671674319077
31645014007_4,0.0462880036540762
31645014012_1,0.35704783211489
31654014001_1,0.512830891119877
31654014006_2,0.68099968399944
31654014011_1,1.68968679120397
31678015002_2,3.37688522373664
31678015007_3,2.45564715669649
31681010003_3,0.954418711816931
31681010003_4,0.976773586989761
31681010006_2,4.55092443107554
31681010006_4,4.31157853703126
31696002015_3,0.0480317084781931
31702008014_3,0.544057126680318
31702008019_2,3.75458029190029
31702008019_3,4.87072087178119
31702008019_1,3.62470741576977
31708001013_1,0.642797912731432
31717002007_1,2.88269249968133
31732011002_2,3.37043006912239
31732011002_3,0.461001205536651
31732011002_6,0.691929872845661
31732011007_1,1.4605599042469
31732011011_1,0.231384763674597
31732011011_4,0.121841570011503
31735002012_6,0.066614163912953
31738002012_3,0.0547218387166388
31738002012_4,0.0888023392320818
31738002013_1,1.14811355480205
31738002014_1,0.718402343070445
31738002014_3,0.166085026286724
31738002014_4,0.54448431451741
31750004013_2,0.613904192867752
31750004014_1,3.42220350783078
31750004015_2,1.46004527539513
31753002002_2,0.487936423661949
31753002007_2,0.762738514522212
31753002007_1,0.668928208659017
31753002012_3,0.135499855838636
31757003002_2,3.85939778305335
31757003002_4,0.912793571264563
31757003007_4,0.185169773572005
31789011005_7,1.38482006498657
31789011005_5,0.232283796811163
31789011005_1,1.09637240678973
31789011015_3,0.215082503360115
31789011015_2,0.553462806287597
31792013004_1,0.314959727996999
31792013008_4,1.25225925996762
31795033013_2,0.461056062406539
31795033013_1,0.895198607600324
31795033015_2,0.296109469678236
31804002008_2,0.640331093864549
31804002008_5,0.238500959900237
31804002008_3,0.100171504291678
31807009008_5,0.241609130385505
31807009008_3,0.259373329851694
31807009008_1,1.38315686613184
31807009008_4,0.449044112646995
31807009013_6,1.46775995140598
31807009013_5,1.12823999036474
31807009013_3,0.230280202218555
31807009017_1,0.477212216098102
31807009017_2,0.764288881951827
31813003012_4,0.0615408278302633
31813003012_3,0.0953488229516002
31813003015_2,1.26429892884667
31813003015_1,1.47650691730143
31816015010_1,1.12356335186715
31816015010_5,0.0697722674708425
31816015021_3,0.0710066112393544
31816015021_2,0.507164577708893
31819025013_5,0.0311165907050063
31819025013_1,1.96852699430985
31819025013_4,0.304878753146062
31819025015_3,0.0575451062039485
31819025015_1,0.786741123583286
31819025017_2,0.228760820158491
31822030005_3,0.354873579108391
31822030005_1,2.26467121365489
31825025013_7,0.0647226943251716
31825025014_2,0.0493937720116909
31828024012_1,1.29524666158096
31828024012_2,0.137969786260808
31828024013_3,0.182455961431384
31828024013_6,0.104782463571965
31834004014_5,3.0295801995995
31834004014_4,2.84457740908927
31834004014_3,2.74451308065077
31837017011_5,0.0803108042554577
31837017011_4,0.0675445817102854
31837017018_1,1.295278892495
31840007003_2,3.03843852551529
31840007003_1,2.11817403476776
31840007008_5,0.0711066701510656
31840007012_3,0.0875847102245666
31843021013_4,0.286902221494
31843021017_2,1.61629573046841
31843021017_3,0.150381649776745
31843021017_1,2.25347003217811
31843021020_5,0.497504485786587
31843021020_4,0.180628323088407
31846005011_4,1.26332749545789
31846005017_3,0.642471646845872
31846005020_5,0.521940601478424
31846005020_6,0.603337555461789
31846005020_4,1.09116512534326
31849007007_3,0.0885915764217989
31849007007_2,0.744353871794286
31852022019_3,0.140405154202158
31855027012_2,4.29964058152142
31855027021_4,1.59984163928219
31861018008_1,0.515907726657264
31861018019_1,0.300479597536565
31861018019_3,0.0878310014307642
31861018019_2,0.385256858341438
31863015010_3,0.104755969095697
31873013003_2,3.71058139015072
31873013019_4,2.36949443129973
31876002005_3,0.448939591835934
31876002005_2,0.206536382041215
31876002015_1,0.668786647074891
31879008012_2,0.424120420818456
31882029013_3,1.25359086497682
31882029020_3,0.365112418715359
31885013004_4,0.933716157446498
31885013004_2,4.28424503172915
31891038013_2,0.198934967621793
31900009012_3,0.621556535208466
31900009014_1,6.57176777275798
31903016012_1,1.51341325900777
31909012013_3,1.05640805844099
31909012013_4,2.21432370141009
31909012013_2,2.80816764504402
31918025011_3,0.0362278315501234
31918025011_1,0.430165703410201
31918025011_2,0.622017443446867
31918025013_4,0.243858927306044
31921009012_4,0.0280009038411802
31921009012_7,0.104062961579251
31921009012_5,0.0386392754164391
31921009013_2,0.302867863522341
31921009013_4,0.0758310852828792
31921009014_3,0.0582849200952882
31921009014_2,0.910424480325006
31927020011_5,0.221219944185568
31927020011_2,0.0545023335766834
31927020018_1,0.241934662137059
31927020023_3,0.0635493456036179
31930005016_4,0.0804555617675527
31930005016_3,0.0385857168633975
31942025008_6,0.0167174536052375
31942025009_3,0
31951022008_2,0.797437380823559
31951022008_1,1.31057116455162
31957025019_2,0.156296338187034
31957025021_6,1.15276270707483
31960018013_2,0.420276285287413
31969003013_1,3.29169656267017
31969003014_3,0.25888106672797
31969003015_4,0.178799430815115
31975014003_4,0.0540885889107767
31975014003_2,0.20079593820506
31975014012_2,4.41544450847329
31984012013_2,0.41635318303344
31984012014_2,1.10129024723564
31984012014_1,1.50260138454982
31984012014_4,2.27398265925795
31987015016_5,3.04699135828611
31987015017_3,0.0873650061858666
31999006002_2,0.0282881578263841
31999006007_2,0.355754368775722
31999006017_1,1.8744470183171
32002009009_1,0.0769644414682298
32002009010_5,0.669255234441183
32002009010_3,0.172468869427462
32002009011_1,0.199157375642557
32002009011_3,0.270114617561808
32008028019_5,0.0831549083435311
32008028019_1,1.35221890680021
32014049014_3,0.137305970403397
32014049015_1,2.06255548004363
32020007010_1,2.03902374696061
32020007011_2,0.874539678323736
32020007011_3,0.300482525411775
32023008012_3,0.00932406344445108
32023008019_4,0.0198345973949241
32023008020_2,0.302531596926959
32023008020_3,0.170208473626607
32025007002_2,2.22938266527264
32025007002_1,0.25070776857148
32025007015_1,0.42509474113857
32025007017_1,1.72557784121857
32026001007_5,0.0483274879161979
32026001007_4,0.0446969195821909
32029017013_4,0.137906159445266
32029017013_3,0.200948554891241
32029017013_1,0.721238276626391
32029017013_2,0.348392757229824
32032005019_1,1.06591590184049
32035007004_6,0.0776520808348056
32035007004_3,0.217379624833068
32035007004_2,1.76739957826206
32035007007_1,0.18029233211638
32035007010_3,0.156953140262305
32035007010_6,0.512880675418059
32035007010_4,0.465701988510722
32041013010_4,0.278855239606104
32041013011_2,0.866906774627165
32041013011_5,0.891791484224581
32048015003_2,1.39890537595223
32048015003_3,0.328302570150668
32048015008_6,0.29080914514873
32050018005_2,0.270070435333658
32050018005_1,0.111111007113754
32050018005_4,0.504676668099155
32050018015_5,0.325483978515528
32059023008_2,0.882942025569141
32062001007_1,0.495403422606164
32062001012_3,0.135459308176732
32069008011_2,3.48207325747496
32069008012_1,4.02166291510441
32071016003_2,2.36666912581784
32071016017_1,3.6084556126811
32074014003_5,0.672891213040098
32074014003_2,2.22977158420533
32074014011_3,0.213430573134131
32074014016_1,4.27270491905789
32086004013_4,0.813693443356485
32086004014_1,0.0864979868326264
32092013011_2,1.28621593938714
32092013011_3,0.668439720350425
32092013017_4,0.662621747863426
32092013017_2,1.49385117210184
32098047017_3,2.78940725239983
32104030002_1,3.08897964094833
32104030012_2,4.77790716550628
32113006011_2,3.73862671329949
32113006012_4,0.516409636291478
32116020009_3,0.427677976842461
32116020010_3,0.935398121390767
32116020011_1,2.89611546957253
32116020011_7,2.14863746795216
32130006003_4,2.72580348145289
32130006008_1,5.6714347406741
32130006008_2,6.1999688853738
32130006013_1,1.1844999419637
32130006013_3,3.75478558320122
32131016014_3,0.50183385673783
32131016015_1,3.20880301187923
32134005013_1,1.53270088708624
32134005013_4,0.368952356376738
32134005016_4,2.83727310875817
32137018009_4,0.282417324009127
32137018009_1,3.12374410325923
32137018009_2,2.51050297749994
32137018011_2,2.0435012026748
32137018011_1,2.57205720131305
32152004013_3,0.0732216889965757
32158011013_2,3.13785286705067
32158011014_2,1.86841594499495
32162013012_1,0.571528810536672
32162013014_2,0.460986110837432
32167020011_1,0.625749420573104
32167020011_2,0.765454765628805
32167020012_3,0.08921066814743
32167020013_2,0.164702612133642
32182008002_1,0.173072692328968
32182008002_2,1.00028540835715
32182008012_5,0.0584422410055412
32186012006_3,0.0969988152571485
32186012006_1,1.57808307190087
32186012007_2,0.584836566954904
32186012009_3,0.102936668418588
32194009011_1,2.6472102918558
32194009011_2,0.41758927876953
32194009015_3,0.509563273697013
32194009015_1,0.790995479536255
32206009008_3,1.59675927399208
32206009008_4,1.19311542165358
32206009008_2,0.884903606457998
32212001003_2,0.317052663572059
32212001003_1,0.82962546219143
32212001009_4,0.968513571169591
32212001009_3,0.673049616180993
32212001009_1,1.422540947263
32212001015_1,1.54868957720093
32215015002_4,0.618246177854093
32215015008_5,1.69932975182889
32215015008_1,0.41195799696411
32215015014_2,4.24650808406054
32215015014_1,4.43959061513177
32221013011_4,0.328812139696244
32221013012_2,0.727411821844987
32221013012_1,0.399187822369369
32221013013_4,0.402829086115963
32228010011_4,0.330998256019152
32242006002_3,1.98000811597182
32242006002_4,2.25152937127775
32245003014_1,3.42490282296419
32245003014_3,0.805237670874179
32245003015_5,2.53608814140714
32245003015_3,2.36904421544894
32245003015_1,4.16370841618814
32245003015_2,4.41783086626112
32245003015_4,2.29362696347115
99995006014_1,3.17219417125438
99995006015_1,3.27777740287114
